country,happiness_2019,happiness_2025,d_happiness,gdp_2019,gdp_2025,d_gdp,social_2019,social_2025,d_social,health_2019,health_2025,d_health,freedom_2019,freedom_2025,d_freedom,generosity_2019,generosity_2025,d_generosity,corruption_2019,corruption_2025,d_corruption,unexplained_2019,unexplained_2025,d_unexplained,d_measured_sum,hdi_1990,hdi_1991,hdi_1992,hdi_1993,hdi_1994,hdi_1995,hdi_1996,hdi_1997,hdi_1998,hdi_1999,hdi_2000,hdi_2001,hdi_2002,hdi_2003,hdi_2004,hdi_2005,hdi_2006,hdi_2007,hdi_2008,hdi_2009,hdi_2010,hdi_2011,hdi_2012,hdi_2013,hdi_2014,hdi_2015,hdi_2016,hdi_2017,hdi_2018,hdi_2019,hdi_2020,hdi_2021,hdi_2022,hdi_2023,le_2010,le_2011,le_2012,le_2013,le_2014,le_2015,le_2016,le_2017,le_2018,le_2019,le_2020,le_2021,le_2022,le_2023,gnipc_2010,gnipc_2011,gnipc_2012,gnipc_2013,gnipc_2014,gnipc_2015,gnipc_2016,gnipc_2017,gnipc_2018,gnipc_2019,gnipc_2020,gnipc_2021,gnipc_2022,gnipc_2023,d_hdi_2019_2023,d_hdi_2010_2019,d_hdi_1990_2019
Finland,7.80870008468628,7.764,-0.0447000846862799,1.28518950939178,1.915,0.62981049060822,1.49952590465546,1.638,0.1384740953445398,0.961271405220032,0.939,-0.022271405220032,0.662316739559174,1.105,0.4426832604408259,0.159670442342758,0.093,-0.066670442342758,0.477857261896133,0.491,0.013142738103867,2.76283502578735,1.582,-1.18083502578735,1.1351687369346628,0.823,0.827,0.833,0.838,0.85,0.856,0.863,0.871,0.88,0.889,0.898,0.908,0.912,0.915,0.911,0.914,0.917,0.92,0.921,0.916,0.92,0.924,0.924,0.934,0.936,0.938,0.94,0.942,0.945,0.947,0.947,0.949,0.946,0.948,80.012,80.392,80.508,80.869,81.055,81.377,81.303,81.497,81.626,81.864,81.822,81.814,81.243,81.91,54531.4261,54767.65641,53588.01555,53033.98224,53205.33544,53928.23803,54961.63245,56251.5904,57166.75971,57744.73991,57260.99451,58691.94153,58411.52447,57067.63693,0.0010000000000000009,0.026999999999999913,0.124
Denmark,7.64559984207153,7.539,-0.1065998420715299,1.32694852352142,1.986,0.65905147647858,1.50344920158386,1.633,0.1295507984161399,0.979332566261292,0.93,-0.0493325662612919,0.665039896965027,1.081,0.415960103034973,0.242793396115303,0.125,-0.117793396115303,0.495260328054428,0.474,-0.021260328054428,2.43274068832397,1.31,-1.12274068832397,1.0161760874986698,0.844,0.848,0.85,0.853,0.859,0.862,0.87,0.876,0.883,0.894,0.896,0.902,0.902,0.907,0.912,0.917,0.917,0.918,0.922,0.915,0.92,0.934,0.938,0.941,0.939,0.943,0.951,0.951,0.95,0.953,0.954,0.958,0.959,0.962,79.247,79.786,80.082,80.306,80.632,80.739,80.881,81.112,80.991,81.434,81.546,81.436,81.291,81.933,59933.03324,60216.96222,60405.4484,61569.19217,62951.49558,63758.46524,64668.87161,65947.7622,67091.10263,67926.47865,67365.66682,72638.24111,74965.94218,76007.85669,0.009000000000000008,0.03299999999999992,0.10899999999999999
Switzerland,7.55989980697632,7.018,-0.5418998069763203,1.39077425003052,2.028,0.63722574996948,1.47240340709686,1.534,0.0615965929031401,1.04053318500519,1.017,-0.02353318500519,0.628954470157623,1.035,0.4060455298423769,0.269055753946304,0.148,-0.121055753946304,0.407945901155472,0.452,0.0440540988445279,2.35026741027832,0.804,-1.5462674102783198,1.0043330326080309,0.858,0.86,0.863,0.867,0.87,0.872,0.875,0.88,0.886,0.889,0.892,0.895,0.896,0.901,0.906,0.909,0.918,0.926,0.934,0.942,0.945,0.946,0.949,0.952,0.956,0.957,0.959,0.96,0.962,0.965,0.963,0.968,0.966,0.97,82.287,82.574,82.617,82.689,83.084,82.846,83.446,83.414,83.564,83.78,83.063,83.648,83.2,83.954,81900.20392,78996.10126,80093.92938,79770.57698,79041.54726,80606.20914,79016.00197,77993.2677,77788.62854,78234.45513,74518.43775,80307.72449,82399.82968,81948.90177,0.0050000000000000044,0.020000000000000018,0.10699999999999998
Iceland,7.50449991226196,7.54,0.0355000877380398,1.3265016078949,1.971,0.6444983921051002,1.547567486763,1.72,0.1724325132369999,1.00084340572357,0.996,-0.00484340572357,0.661980748176575,1.105,0.4430192518234249,0.362330228090286,0.187,-0.1753302280902859,0.144540771842003,0.187,0.0424592281579969,2.46068811416626,1.373,-1.0876881141662602,1.122235751509666,0.841,0.853,0.86,0.863,0.868,0.863,0.873,0.881,0.893,0.895,0.902,0.91,0.917,0.925,0.928,0.935,0.936,0.941,0.935,0.934,0.935,0.941,0.946,0.95,0.954,0.956,0.959,0.962,0.966,0.969,0.965,0.967,0.964,0.972,81.594,81.972,82.346,81.743,82.43,82.164,81.829,82.241,82.453,82.847,82.711,82.843,81.588,82.691,46487.07281,49206.21769,51086.19251,57565.93608,57564.29421,60150.59304,64410.38052,64613.05678,66761.91754,67265.77526,61884.74398,62050.96254,65820.93494,69116.93736,0.0030000000000000027,0.03399999999999992,0.128
Norway,7.48799991607666,7.242,-0.2459999160766601,1.42420732975006,2.057,0.63279267024994,1.49517250061035,1.626,0.1308274993896498,1.00807189941406,0.983,-0.02507189941406,0.670200884342194,1.092,0.421799115657806,0.28798508644104,0.157,-0.1309850864410399,0.434100568294525,0.413,-0.021100568294525,2.16826629638672,0.913,-1.25526629638672,1.0082617311477708,0.856,0.863,0.868,0.875,0.89,0.887,0.894,0.9,0.908,0.913,0.924,0.923,0.923,0.93,0.937,0.939,0.942,0.943,0.943,0.944,0.947,0.949,0.95,0.953,0.956,0.959,0.962,0.965,0.966,0.967,0.969,0.969,0.967,0.97,81.039,81.245,81.446,81.668,82.087,82.273,82.415,82.624,82.76,82.955,83.195,83.166,82.631,83.308,81976.89052,84641.77177,86392.10063,86258.06815,86757.77703,84167.23004,81603.00032,83842.28368,87121.82464,83921.76323,78355.78043,90750.95096,113454.0095,112710.0211,0.0030000000000000027,0.020000000000000018,0.11099999999999999
Netherlands,7.44890022277832,7.223,-0.2259002227783204,1.33894634246826,1.983,0.6440536575317402,1.46364593505859,1.539,0.0753540649414099,0.975675344467163,0.922,-0.0536753444671629,0.613626480102539,1.0,0.386373519897461,0.33631756901741,0.175,-0.16131756901741,0.368569761514664,0.349,-0.0195697615146639,2.35211706161499,1.255,-1.09711706161499,0.8712185673713742,0.855,0.86,0.861,0.863,0.889,0.886,0.89,0.891,0.893,0.894,0.9,0.902,0.898,0.901,0.904,0.907,0.914,0.92,0.92,0.92,0.925,0.935,0.935,0.937,0.939,0.94,0.941,0.945,0.947,0.95,0.945,0.951,0.953,0.955,80.829,81.11,81.059,81.301,81.65,81.49,81.555,81.737,81.781,82.053,81.393,81.356,81.912,82.158,61020.6809,61601.37546,60338.92871,60358.80432,60609.04581,61962.23176,62135.08818,64383.80009,65928.93705,65792.10752,62085.31322,68775.37835,68566.17312,68344.30826,0.0050000000000000044,0.02499999999999991,0.09499999999999997
Sweden,7.35349988937378,7.255,-0.0984998893737802,1.32223522663116,1.95,0.6277647733688398,1.43334770202637,1.57,0.13665229797363,0.986470460891724,1.027,0.0405295391082759,0.650297701358795,1.07,0.419702298641205,0.27282789349556,0.149,-0.12382789349556,0.442066371440887,0.447,0.004933628559113,2.24629926681519,1.041,-1.20529926681519,1.1057546441555035,0.818,0.821,0.829,0.85,0.862,0.869,0.877,0.888,0.901,0.906,0.912,0.915,0.918,0.923,0.908,0.911,0.915,0.917,0.913,0.912,0.918,0.92,0.92,0.94,0.943,0.945,0.947,0.949,0.95,0.955,0.951,0.958,0.959,0.959,81.519,81.758,81.73,81.935,82.224,82.184,82.339,82.438,82.532,83.052,82.427,83.02,83.046,83.262,57709.76654,58475.54954,57780.03468,57907.25596,58807.67134,60213.74528,60589.38449,61796.46892,62074.86903,63446.80087,62091.82621,66039.56372,67099.33899,66102.08595,0.0040000000000000036,0.03699999999999992,0.137
New Zealand,7.29960012435913,6.995,-0.3046001243591298,1.24231791496277,1.876,0.6336820850372298,1.48721837997437,1.58,0.0927816200256301,1.00813829898834,0.924,-0.08413829898834,0.646789908409119,1.034,0.387210091590881,0.325726211071014,0.155,-0.170726211071014,0.461268275976181,0.422,-0.0392682759761809,2.12810802459717,1.003,-1.1251080245971703,0.819541010618206,0.811,0.813,0.822,0.838,0.852,0.858,0.862,0.871,0.881,0.886,0.896,0.902,0.905,0.91,0.912,0.917,0.918,0.921,0.92,0.923,0.926,0.927,0.929,0.933,0.932,0.934,0.938,0.936,0.938,0.938,0.94,0.939,0.933,0.938,81.052,80.842,81.167,81.612,81.411,81.587,82.003,81.605,81.884,81.832,82.663,82.3,81.006,82.088,37338.26894,38378.14053,38783.75403,40609.34159,41325.29403,42220.81473,43205.92578,44388.02116,45071.63423,46255.20497,45567.98605,46918.90857,47291.33306,47259.60137,0.0,0.0119999999999999,0.1269999999999999
Austria,7.29419994354248,6.845,-0.4491999435424798,1.31728553771973,1.954,0.6367144622802701,1.43744492530823,1.474,0.0365550746917699,1.00093352794647,0.926,-0.0749335279464699,0.603368878364563,0.979,0.375631121635437,0.25550976395607,0.171,-0.0845097639560699,0.281256139278412,0.285,0.0037438607215879,2.39844608306885,1.057,-1.34144608306885,0.8932012274265251,0.832,0.835,0.841,0.845,0.851,0.856,0.861,0.865,0.87,0.874,0.879,0.883,0.887,0.889,0.895,0.898,0.902,0.905,0.907,0.907,0.912,0.915,0.916,0.915,0.919,0.919,0.921,0.922,0.925,0.928,0.925,0.93,0.927,0.93,80.463,80.828,80.841,81.078,81.39,81.159,81.592,81.639,81.686,81.907,81.804,81.82,81.296,81.956,62287.37144,62981.65807,62700.86206,62391.00553,62502.99636,62182.82572,63620.12025,63623.02784,64705.12572,65534.68727,62011.50517,64408.3855,64374.35362,63479.20843,0.0020000000000000018,0.016000000000000014,0.09600000000000009
Luxembourg,7.23750019073486,7.063,-0.17450019073486,1.53667604923248,2.162,0.6253239507675199,1.38752841949463,1.465,0.07747158050537,0.986442685127258,0.981,-0.0054426851272579,0.610137045383453,1.056,0.445862954616547,0.195953920483589,0.111,-0.084953920483589,0.3670414686203,0.382,0.0149585313796999,2.15370035171509,0.907,-1.24670035171509,1.07322041165829,0.787,0.796,0.801,0.812,0.82,0.824,0.832,0.837,0.845,0.858,0.861,0.863,0.868,0.87,0.878,0.879,0.88,0.883,0.896,0.905,0.909,0.911,0.914,0.919,0.924,0.913,0.916,0.913,0.915,0.916,0.916,0.918,0.922,0.922,80.099,80.285,80.438,80.854,81.236,81.256,81.62,81.089,81.519,81.588,81.411,81.839,82.201,82.229,85004.52305,86326.35121,95714.75588,90852.25303,93690.27438,83321.2599,86487.36215,92345.81642,91959.2847,87899.62972,89601.73015,94502.53003,91143.90357,85461.24833,0.006000000000000005,0.007000000000000006,0.129
Canada,7.23210000991821,6.741,-0.4911000099182105,1.30164766311646,1.917,0.6153523368835401,1.43539190292358,1.525,0.0896080970764199,1.02250194549561,0.955,-0.0675019454956099,0.644028127193451,0.948,0.3039718728065489,0.281528919935226,0.153,-0.128528919935226,0.351701855659485,0.321,-0.0307018556594849,2.1952691078186,0.923,-1.2722691078186,0.7821995856761881,0.865,0.868,0.873,0.871,0.877,0.881,0.884,0.884,0.883,0.888,0.894,0.897,0.899,0.902,0.906,0.909,0.913,0.914,0.916,0.915,0.918,0.921,0.927,0.93,0.932,0.932,0.933,0.935,0.935,0.937,0.931,0.937,0.935,0.939,81.336,81.513,81.704,81.785,81.837,81.908,82.03,81.919,81.925,82.285,81.654,81.976,81.249,82.63,50038.23743,51658.69791,51826.07845,52718.77182,53385.92904,52138.85563,52051.68409,53597.17009,54157.61976,54499.33827,50924.73351,55302.15942,56952.03537,54688.41729,0.0019999999999998908,0.019000000000000017,0.07200000000000006
Australia,7.22279977798462,6.916,-0.3067997779846196,1.31039643287659,1.937,0.62660356712341,1.47714626789093,1.497,0.0198537321090701,1.02260768413544,0.956,-0.0666076841354399,0.621877193450928,0.989,0.367122806549072,0.324973613023758,0.159,-0.165973613023758,0.33599641919136,0.294,-0.0419964191913599,2.1298041343689,1.085,-1.0448041343689,0.7390023894309943,0.867,0.868,0.868,0.872,0.873,0.882,0.884,0.887,0.891,0.893,0.897,0.9,0.902,0.906,0.91,0.914,0.917,0.919,0.924,0.927,0.929,0.933,0.938,0.935,0.937,0.938,0.939,0.94,0.945,0.947,0.95,0.954,0.952,0.958,82.013,82.091,82.297,82.551,82.518,82.605,82.801,82.718,83.258,83.241,83.664,83.564,82.766,83.923,48044.94603,50384.49487,52028.95123,51662.83279,51752.21356,51244.17781,50602.687,52180.36416,52892.5044,53812.51606,53837.41334,56782.45814,58256.355,58276.87643,0.01100000000000001,0.017999999999999905,0.07999999999999996
United Kingdom,7.16450023651123,6.694,-0.4705002365112296,1.2730610370636,1.896,0.6229389629363999,1.45784497261047,1.458,0.0001550273895298,0.975700080394745,0.888,-0.0877000803947449,0.525168657302856,0.962,0.4368313426971439,0.373433440923691,0.191,-0.182433440923691,0.322601646184921,0.291,-0.031601646184921,2.23672199249268,1.008,-1.2287219924926798,0.7581901655197169,0.812,0.816,0.824,0.827,0.836,0.835,0.841,0.849,0.856,0.862,0.87,0.876,0.881,0.886,0.897,0.903,0.902,0.905,0.91,0.915,0.921,0.916,0.917,0.931,0.932,0.931,0.934,0.937,0.936,0.941,0.93,0.941,0.946,0.946,80.391,80.796,80.859,80.923,81.153,80.919,81.067,81.164,81.123,81.443,80.385,80.708,81.074,81.302,49015.62438,49364.86955,49087.77041,49217.18606,50409.11011,50918.20366,51406.16467,53086.84015,53358.66031,54623.80311,47828.59792,53131.58261,55257.70776,54371.58634,0.0050000000000000044,0.019999999999999907,0.1289999999999999
Israel,7.12860012054443,7.187,0.0583998794555702,1.21646368503571,1.867,0.65053631496429,1.40325677394867,1.606,0.20274322605133,1.00805294513702,0.925,-0.0830529451370198,0.42069947719574,0.863,0.4423005228042599,0.266861796379089,0.139,-0.127861796379089,0.09989845007658,0.196,0.09610154992342,2.7133584022522,1.592,-1.1213584022521998,1.180766872227191,0.787,0.791,0.794,0.801,0.806,0.81,0.817,0.824,0.831,0.839,0.839,0.841,0.846,0.847,0.85,0.858,0.867,0.878,0.878,0.884,0.889,0.892,0.893,0.899,0.902,0.902,0.905,0.908,0.911,0.913,0.912,0.918,0.921,0.919,81.974,81.989,81.985,82.354,82.361,82.254,82.612,82.699,82.918,82.905,82.7,82.517,82.814,82.408,34699.30434,35728.29256,35851.67659,37084.80553,38429.68094,39308.41243,40581.94098,41657.80155,42435.43941,43591.8008,42328.77314,45526.47745,47910.69018,48050.11176,0.006000000000000005,0.02400000000000002,0.126
Costa Rica,7.12139987945557,7.439,0.3176001205444301,0.981107711791992,1.697,0.7158922882080081,1.37485361099243,1.483,0.10814638900757,0.939635336399078,0.739,-0.200635336399078,0.645017743110657,1.101,0.455982256889343,0.131266310811043,0.059,-0.072266310811043,0.0963620916008949,0.122,0.025637908399105,2.95313501358032,2.236,-0.7171350135803198,1.0327571952939052,0.677,0.682,0.691,0.696,0.701,0.706,0.707,0.712,0.714,0.717,0.72,0.726,0.73,0.736,0.741,0.748,0.755,0.76,0.769,0.773,0.776,0.783,0.789,0.795,0.802,0.803,0.805,0.809,0.813,0.821,0.819,0.817,0.823,0.833,79.354,79.624,79.925,80.189,80.231,80.407,79.988,79.994,80.09,80.296,79.725,78.05,79.316,80.799,17835.95203,18252.22388,19039.29448,19191.28975,19649.13447,20472.31846,21317.61522,21685.68678,21898.10504,22149.99402,21172.10969,22149.38818,22327.96544,23417.21315,0.01200000000000001,0.04499999999999993,0.1439999999999999
Ireland,7.09369993209839,6.928,-0.1656999320983896,1.44688677787781,2.146,0.6991132221221898,1.47059643268585,1.558,0.08740356731415,0.975670695304871,0.936,-0.0396706953048709,0.587779939174652,1.032,0.444220060825348,0.295426994562149,0.172,-0.123426994562149,0.373433262109756,0.364,-0.009433262109756,1.94387817382813,0.72,-1.22387817382813,1.058205898284912,0.776,0.78,0.787,0.794,0.805,0.809,0.816,0.823,0.855,0.858,0.869,0.876,0.883,0.891,0.899,0.905,0.908,0.911,0.907,0.907,0.915,0.909,0.911,0.915,0.921,0.931,0.936,0.941,0.944,0.947,0.948,0.946,0.947,0.949,80.599,80.727,80.852,81.065,81.406,81.533,81.684,82.103,82.123,82.411,82.39,81.861,82.05,82.412,47569.69314,46788.64056,46591.62359,49243.01643,52799.08106,63168.94567,67035.12592,70271.86124,72748.49528,75920.35474,77740.95024,85210.2753,87921.89181,90884.63459,0.0020000000000000018,0.03199999999999992,0.17099999999999993
Germany,7.0757999420166,6.882,-0.1937999420166001,1.31418454647064,1.948,0.6338154535293599,1.36854374408722,1.49,0.12145625591278,0.97211480140686,0.876,-0.09611480140686,0.56427413225174,0.948,0.38372586774826,0.252037703990936,0.145,-0.107037703990936,0.309362292289734,0.349,0.0396377077102659,2.29524946212769,1.128,-1.16724946212769,0.97548277950287,0.834,0.841,0.849,0.859,0.865,0.87,0.875,0.881,0.887,0.892,0.897,0.904,0.909,0.914,0.923,0.923,0.927,0.931,0.933,0.933,0.936,0.942,0.944,0.945,0.949,0.948,0.949,0.951,0.952,0.957,0.955,0.958,0.955,0.959,80.081,80.355,80.502,80.454,80.906,80.566,80.837,80.937,80.875,81.189,81.004,81.106,80.58,81.378,55528.0065,58510.04647,58528.12568,58751.16508,59865.51686,60953.50486,62295.39618,63446.88944,64234.63842,65152.98707,62477.82324,64325.58111,63618.54669,64053.22124,0.0020000000000000018,0.020999999999999908,0.123
United States,6.93959999084473,6.816,-0.1235999908447302,1.37398684024811,2.002,0.6280131597518899,1.40478670597076,1.516,0.11121329402924,0.831618010997772,0.678,-0.1536180109977719,0.534608244895935,0.776,0.241391755104065,0.298143059015274,0.155,-0.143143059015274,0.152284741401672,0.155,0.0027152585983279,2.34412479400635,1.534,-0.8101247940063498,0.686572397470477,0.878,0.878,0.882,0.884,0.887,0.888,0.89,0.893,0.895,0.895,0.895,0.897,0.898,0.9,0.905,0.907,0.911,0.914,0.914,0.915,0.919,0.92,0.923,0.925,0.926,0.928,0.929,0.931,0.934,0.936,0.925,0.921,0.93,0.938,78.668,78.702,78.817,78.817,78.879,78.722,78.686,78.648,78.8,78.916,77.011,76.384,77.979,79.304,59211.70567,59959.59549,61373.27134,61908.27302,63487.01958,65047.89673,65448.40693,66787.72003,68421.04156,69956.86857,67529.79373,71608.71331,72993.29894,73650.03077,0.0019999999999998908,0.017000000000000015,0.05800000000000005
Czechia,6.9109001159668,6.821,-0.0899001159668007,1.21232235431671,1.869,0.6566776456832899,1.40528666973114,1.594,0.1887133302688601,0.89456444978714,0.72,-0.17456444978714,0.505744576454163,1.045,0.5392554235458369,0.0463259294629097,0.106,0.0596740705370903,0.0498032234609127,0.081,0.0311967765390873,2.79680824279785,1.405,-1.3918082427978498,1.3009527967870247,0.753,0.751,0.752,0.76,0.771,0.781,0.793,0.797,0.802,0.806,0.817,0.828,0.835,0.842,0.848,0.856,0.864,0.87,0.873,0.875,0.88,0.883,0.885,0.892,0.898,0.9,0.902,0.904,0.901,0.903,0.898,0.901,0.911,0.915,77.568,77.814,77.998,78.169,78.744,78.561,78.974,78.926,78.961,79.185,78.237,77.234,79.165,79.834,36382.92471,36331.8519,36514.75257,36816.76713,37873.9134,39904.47411,41100.35722,43188.11191,44425.85799,45413.83065,43664.95697,46442.06739,45265.10984,45889.01401,0.01200000000000001,0.02300000000000002,0.15000000000000002
Belgium,6.86350011825562,6.926,0.0624998817443804,1.29584276676178,1.951,0.6551572332382201,1.39867758750916,1.52,0.12132241249084,0.964901149272919,0.988,0.0230988507270809,0.499805420637131,0.99,0.490194579362869,0.146966159343719,0.107,-0.039966159343719,0.208724051713943,0.296,0.0872759482860569,2.34862661361694,1.074,-1.2746266136169395,1.337082864761348,0.824,0.829,0.845,0.86,0.868,0.875,0.881,0.884,0.886,0.889,0.894,0.899,0.901,0.903,0.909,0.911,0.913,0.916,0.917,0.919,0.921,0.923,0.923,0.925,0.93,0.933,0.936,0.94,0.942,0.945,0.939,0.948,0.945,0.951,80.04,80.366,80.26,80.467,81.08,80.889,81.265,81.362,81.481,81.835,80.798,81.659,81.159,82.115,58078.92075,56863.23792,58163.21224,58402.41155,58998.64981,59892.56973,60468.59988,60942.13582,61339.08458,62802.8712,59543.68308,62768.17394,62228.06822,63582.47535,0.006000000000000005,0.02399999999999991,0.121
United Arab Emirates,6.79080009460449,6.821,0.0301999053955093,1.43108642101288,1.98,0.54891357898712,1.25117099285126,1.096,-0.1551709928512599,0.787814438343048,0.71,-0.077814438343048,0.652936100959778,1.071,0.4180638990402219,0.280655980110168,0.149,-0.131655980110168,0.220213517546654,0.228,0.007786482453346,2.1669659614563,1.587,-0.5799659614563002,0.610122549176212,0.713,0.724,0.729,0.736,0.742,0.747,0.753,0.761,0.77,0.78,0.79,0.798,0.805,0.81,0.815,0.819,0.823,0.827,0.831,0.832,0.835,0.839,0.843,0.846,0.853,0.857,0.861,0.884,0.901,0.915,0.909,0.903,0.921,0.94,81.886,81.898,81.913,81.95,81.99,82.076,82.195,82.388,82.449,82.596,81.936,79.083,80.487,82.909,71183.75736,72914.66349,71325.63685,71756.09371,71100.68245,72318.79892,73400.30984,72413.8932,72210.12,72885.13869,68048.76036,68790.32993,70818.02952,71142.30475,0.02499999999999991,0.08000000000000007,0.20200000000000007
Malta,6.77279996871948,6.436,-0.3367999687194798,1.2525132894516,1.942,0.6894867105483999,1.44295692443848,1.532,0.0890430755615201,0.97204202413559,0.948,-0.02404202413559,0.633239030838013,0.977,0.3437609691619869,0.341180831193924,0.183,-0.158180831193924,0.178864076733589,0.12,-0.058864076733589,1.95201206207275,0.735,-1.21701206207275,0.881203823208804,0.735,0.742,0.748,0.754,0.758,0.763,0.763,0.772,0.781,0.784,0.79,0.801,0.806,0.818,0.832,0.84,0.838,0.845,0.848,0.854,0.867,0.862,0.87,0.88,0.886,0.892,0.891,0.901,0.908,0.91,0.903,0.914,0.917,0.924,81.398,80.804,81.064,81.818,82.318,82.591,82.657,83.089,82.908,82.839,82.336,82.316,82.25,83.299,35935.26952,36985.16253,37282.57536,38659.82486,40659.60593,43316.34357,41755.2658,44905.63285,46935.98263,48427.39247,42884.89352,48071.10396,50835.18681,52155.07487,0.014000000000000012,0.04300000000000004,0.17500000000000004
France,6.66379976272583,6.586,-0.0777997627258297,1.26812934875488,1.907,0.6388706512451201,1.45883917808533,1.435,-0.0238391780853299,1.02971422672272,0.95,-0.07971422672272,0.514050900936127,0.83,0.3159490990638729,0.112607702612877,0.09,-0.022607702612877,0.227303236722946,0.24,0.0126967632770539,2.05319833755493,1.133,-0.92019833755493,0.8413554061651201,0.798,0.807,0.814,0.818,0.832,0.837,0.842,0.847,0.851,0.856,0.852,0.855,0.858,0.862,0.869,0.877,0.881,0.884,0.884,0.883,0.888,0.892,0.893,0.896,0.9,0.901,0.905,0.908,0.911,0.914,0.909,0.915,0.916,0.92,81.405,81.781,81.739,81.979,82.437,82.149,82.401,82.439,82.568,82.73,82.199,82.322,82.475,83.325,51165.21371,51826.71321,51449.90852,51693.25118,52113.48233,53024.77547,53611.49008,54532.82676,55177.99975,56066.12759,51177.98135,55020.1633,55176.22481,55060.16038,0.006000000000000005,0.026000000000000023,0.11599999999999999
Mexico,6.46500015258789,6.972,0.5069998474121107,1.02438747882843,1.636,0.61161252117157,1.22633349895477,1.366,0.13966650104523,0.831601023674011,0.631,-0.200601023674011,0.553892552852631,1.015,0.4611074471473689,0.083094485104084,0.056,-0.027094485104084,0.0831336677074432,0.128,0.0448663322925568,2.66254019737244,2.141,-0.5215401973724401,1.0295572928786307,0.668,0.67,0.672,0.675,0.68,0.68,0.687,0.694,0.701,0.706,0.712,0.715,0.722,0.728,0.732,0.736,0.745,0.747,0.75,0.749,0.751,0.757,0.764,0.765,0.769,0.773,0.778,0.781,0.785,0.788,0.763,0.761,0.783,0.789,73.718,73.921,74.128,74.289,74.404,74.431,74.376,74.261,74.301,74.53,70.449,69.75,73.973,75.069,20307.75548,20623.10674,20934.1251,20669.1204,21036.90911,21327.01893,21436.27764,21616.68317,21820.25668,21520.56367,19448.46721,20588.27089,21334.79886,21812.65566,0.0010000000000000009,0.03700000000000003,0.12
Uruguay,6.44010019302368,6.635,0.1948998069763199,1.07100045681,1.748,0.67699954319,1.42508113384247,1.54,0.11491886615753,0.856928884983063,0.525,-0.3319288849830629,0.594267070293427,1.054,0.4597329297065731,0.132143691182137,0.07,-0.062143691182137,0.193425074219704,0.194,0.0005749257802959,2.16727638244629,1.505,-0.6622763824462901,0.8581536886691992,0.713,0.717,0.719,0.722,0.727,0.729,0.736,0.747,0.757,0.76,0.764,0.771,0.775,0.78,0.779,0.778,0.777,0.78,0.783,0.787,0.796,0.801,0.804,0.812,0.816,0.818,0.821,0.827,0.826,0.83,0.837,0.837,0.852,0.862,76.691,76.614,76.691,76.953,77.194,77.285,77.351,77.618,77.527,77.503,78.381,75.434,76.468,78.138,23964.67327,25214.3031,25030.74561,26669.89693,27145.06555,27679.03912,27898.02771,28056.60133,28021.35017,28494.22443,26234.93195,26279.04062,27826.69481,28649.82199,0.03200000000000003,0.03399999999999992,0.11699999999999999
Saudi Arabia,6.4064998626709,6.817,0.4105001373290999,1.33432853221893,1.949,0.6146714677810701,1.30995011329651,1.412,0.10204988670349,0.759818136692047,0.831,0.0711818633079529,0.548477470874786,1.042,0.493522529125214,0.0874406844377518,0.096,0.0085593155622482,0.163322314620018,0.196,0.032677685379982,2.20311880111694,1.291,-0.91211880111694,1.322662747859957,0.67,0.681,0.688,0.693,0.699,0.705,0.711,0.718,0.725,0.729,0.737,0.744,0.75,0.762,0.773,0.782,0.785,0.786,0.792,0.794,0.801,0.811,0.819,0.827,0.841,0.851,0.86,0.869,0.875,0.878,0.875,0.878,0.893,0.9,75.616,75.808,76.09,76.517,77.116,77.776,78.354,78.721,78.75,78.313,77.596,77.089,77.31,78.732,41877.69693,45342.34116,46754.97612,46933.63899,47747.18753,48948.93027,48876.7826,48201.49905,48571.63874,47995.70027,46058.49885,48458.90031,51430.70374,50298.91363,0.02200000000000002,0.07699999999999996,0.20799999999999996
Spain,6.40089988708496,6.54,0.13910011291504,1.23053526878357,1.871,0.64046473121643,1.4210991859436,1.552,0.1309008140564,1.05134308338165,1.036,-0.0153430833816499,0.425983816385269,0.857,0.431016183614731,0.165305480360985,0.112,-0.0533054803609849,0.109579779207706,0.167,0.057420220792294,1.99708843231201,0.946,-1.05108843231201,1.1911533859372203,0.766,0.774,0.781,0.789,0.798,0.804,0.811,0.816,0.821,0.825,0.833,0.839,0.844,0.846,0.852,0.857,0.862,0.864,0.865,0.867,0.875,0.879,0.881,0.886,0.89,0.895,0.9,0.902,0.905,0.91,0.901,0.912,0.911,0.918,82.006,82.18,82.191,82.694,82.828,82.611,83.0,82.986,83.096,83.479,82.241,82.951,82.366,83.67,42249.87575,41214.05917,40252.39918,40025.32626,40702.54245,42509.01146,43913.31409,44968.83248,45752.81499,46305.76891,41219.56789,43959.52926,44887.43669,46008.44221,0.008000000000000007,0.03500000000000003,0.14400000000000002
Guatemala,6.39890003204346,6.533,0.1340999679565406,0.753815710544586,1.472,0.718184289455414,1.17426705360413,1.175,0.00073294639587,0.7059525847435,0.38,-0.3259525847435,0.613146722316742,1.034,0.420853277683258,0.170611664652824,0.076,-0.094611664652824,0.0983603000640869,0.094,-0.0043603000640869,2.88272309303284,2.304,-0.5787230930328402,0.7148459640741311,0.499,0.503,0.506,0.51,0.515,0.522,0.53,0.539,0.548,0.556,0.563,0.567,0.572,0.577,0.58,0.583,0.59,0.601,0.609,0.616,0.623,0.628,0.631,0.633,0.65,0.638,0.642,0.647,0.649,0.653,0.645,0.639,0.655,0.662,69.885,70.321,70.722,70.878,70.942,70.915,71.215,71.583,71.496,71.639,69.971,67.858,71.206,72.602,9700.702242,9895.389864,10084.46014,10247.59714,10487.76538,10755.92133,10886.47492,11047.85546,11250.01912,11545.76983,11165.96465,11805.84126,12170.95582,12458.604,0.009000000000000008,0.030000000000000027,0.15400000000000003
Italy,6.38740015029907,6.574,0.1865998497009302,1.23639607429504,1.899,0.6626039257049601,1.34729599952698,1.405,0.05770400047302,1.02250492572784,0.975,-0.04750492572784,0.321305572986603,0.746,0.424694427013397,0.170266211032867,0.075,-0.0952662110328669,0.0401455983519554,0.067,0.0268544016480446,2.2495059967041,1.407,-0.8425059967040998,1.029085618078715,0.787,0.792,0.8,0.806,0.816,0.823,0.829,0.836,0.84,0.845,0.849,0.856,0.862,0.866,0.874,0.876,0.881,0.885,0.885,0.884,0.887,0.89,0.887,0.887,0.89,0.889,0.894,0.897,0.902,0.906,0.899,0.908,0.905,0.915,82.132,82.228,82.252,82.652,82.901,82.521,83.046,82.726,83.184,83.342,82.181,82.865,82.052,83.716,49572.91561,49446.66135,47721.3659,46476.19439,46444.01832,46804.41933,48355.45252,49175.83037,49926.21106,50720.30923,47034.06546,50538.59539,50899.81582,52388.88306,0.009000000000000008,0.019000000000000017,0.119
Singapore,6.37709999084473,6.585,0.2079000091552698,1.51958012580872,2.167,0.6474198741912798,1.39545691013336,1.471,0.07554308986664,1.13781428337097,1.059,-0.0788142833709699,0.635317206382751,0.98,0.3446827936172489,0.218770906329155,0.145,-0.073770906329155,0.533162236213684,0.512,-0.0211622362136839,0.937031745910645,0.252,-0.685031745910645,0.8938983317613599,0.819,0.826,0.833,0.84,0.848,0.854,0.859,0.866,0.869,0.875,0.882,0.885,0.891,0.897,0.905,0.911,0.911,0.914,0.924,0.928,0.932,0.933,0.933,0.934,0.934,0.935,0.934,0.935,0.939,0.942,0.944,0.948,0.942,0.946,81.647,81.942,82.209,82.468,82.615,82.748,82.897,83.095,83.378,83.662,83.661,83.485,82.921,83.736,95610.25827,97121.08675,98260.74567,100235.182,104872.3135,102979.4802,106529.8271,109795.0054,106603.852,108155.711,102455.7883,112141.2343,108655.3781,111239.2291,0.0040000000000000036,0.009999999999999898,0.123
Brazil,6.37559986114502,6.634,0.2584001388549799,0.952679872512817,1.602,0.649320127487183,1.36346411705017,1.396,0.0325358829498299,0.766119062900543,0.508,-0.258119062900543,0.483292728662491,0.964,0.4807072713375089,0.131674587726593,0.081,-0.0506745877265929,0.106518603861332,0.122,0.015481396138668,2.57186031341553,1.96,-0.61186031341553,0.8692510272860541,0.641,0.645,0.648,0.654,0.659,0.666,0.671,0.676,0.68,0.684,0.69,0.694,0.7,0.705,0.712,0.718,0.725,0.732,0.739,0.742,0.748,0.753,0.758,0.762,0.765,0.764,0.765,0.77,0.774,0.776,0.77,0.768,0.78,0.786,73.779,74.047,74.335,74.609,74.823,75.106,75.081,75.383,75.633,75.809,74.506,73.038,74.872,75.848,17266.85845,17878.72893,18075.39887,18668.24289,18514.50254,17708.30372,16949.14988,17079.21153,17087.87299,17183.42339,16609.4287,17121.54217,17593.54759,18011.28546,0.010000000000000009,0.028000000000000025,0.135
Slovenia,6.36339998245239,6.868,0.5046000175476104,1.20865249633789,1.872,0.6633475036621101,1.46467769145966,1.594,0.1293223085403401,0.932548046112061,0.913,-0.0195480461120609,0.646700143814087,1.097,0.4502998561859129,0.145701497793198,0.108,-0.0377014977931979,0.0765163227915764,0.108,0.0314836772084236,1.88858652114868,1.177,-0.71158652114868,1.217203801691528,0.734,0.736,0.741,0.746,0.756,0.768,0.778,0.789,0.802,0.82,0.829,0.845,0.855,0.865,0.87,0.876,0.883,0.888,0.894,0.894,0.896,0.897,0.897,0.907,0.907,0.909,0.914,0.918,0.922,0.923,0.918,0.924,0.926,0.931,79.301,79.588,79.765,80.088,80.252,80.499,80.512,80.616,80.861,81.007,80.364,80.434,80.793,81.603,38394.86093,38288.46284,36848.80871,36681.73715,38094.48837,38384.64805,39975.38415,42032.46376,43877.29027,45191.69477,43555.1045,45942.15332,45469.65548,46360.80779,0.008000000000000007,0.027000000000000024,0.18900000000000006
El Salvador,6.34829998016357,6.578,0.2297000198364305,0.748940408229828,1.448,0.699059591770172,1.14939761161804,1.086,-0.0633976116180399,0.752730011940002,0.633,-0.1197300119400019,0.524043917655945,1.089,0.5649560823440549,0.11893630027771,0.047,-0.07193630027771,0.11703035235405,0.289,0.1719696476459499,2.93719172477722,1.987,-0.9501917247772198,1.1809213979244249,0.523,0.529,0.538,0.548,0.558,0.567,0.576,0.586,0.594,0.598,0.607,0.612,0.621,0.628,0.636,0.642,0.647,0.653,0.653,0.653,0.66,0.662,0.666,0.668,0.668,0.667,0.666,0.665,0.67,0.67,0.66,0.663,0.674,0.678,70.909,71.192,71.42,71.225,71.144,70.952,70.908,71.007,71.384,71.725,70.244,69.941,71.969,72.099,8321.375707,8594.947403,8713.945887,8830.105105,8942.650488,9109.954938,9258.742755,9406.135903,9614.187322,9908.642966,9052.749115,10087.30367,10309.4214,10594.84201,0.008000000000000007,0.010000000000000009,0.14700000000000002
Panama,6.30480003356934,6.547,0.2421999664306593,1.09766781330109,1.787,0.6893321866989099,1.37614929676056,1.479,0.1028507032394401,0.878546535968781,0.818,-0.060546535968781,0.579849779605865,0.975,0.3951502203941349,0.0972073078155518,0.039,-0.0582073078155518,0.0542305260896683,0.042,-0.0122305260896682,2.22117614746094,1.407,-0.8141761474609401,1.056348740458484,0.672,0.674,0.68,0.686,0.688,0.69,0.694,0.701,0.707,0.712,0.718,0.723,0.73,0.735,0.741,0.746,0.753,0.763,0.767,0.77,0.775,0.781,0.798,0.799,0.798,0.803,0.81,0.815,0.82,0.824,0.808,0.819,0.835,0.839,76.417,76.659,76.877,77.129,77.365,77.583,77.772,77.901,78.266,78.514,76.33,77.004,79.324,79.594,20089.05127,22615.77844,24481.7206,25925.9731,26202.10238,27316.32408,28721.03072,30270.94013,30690.19494,30953.28794,25875.59602,29210.97147,32462.42676,34384.56813,0.015000000000000013,0.04899999999999993,0.1519999999999999
Slovakia,6.28060007095337,6.255,-0.0256000709533701,1.19483768939972,1.815,0.62016231060028,1.4243311882019,1.63,0.2056688117980998,0.853465259075165,0.564,-0.289465259075165,0.423542529344559,0.847,0.423457470655441,0.116729773581028,0.056,-0.060729773581028,0.0112914405763149,0.065,0.0537085594236851,2.25642204284668,1.278,-0.97842204284668,0.9528021198213128,0.698,0.697,0.702,0.71,0.72,0.729,0.74,0.747,0.758,0.765,0.774,0.781,0.79,0.796,0.806,0.815,0.824,0.834,0.842,0.845,0.851,0.856,0.856,0.858,0.859,0.861,0.864,0.865,0.868,0.871,0.867,0.859,0.873,0.88,75.496,76.018,76.176,76.514,76.848,76.65,77.216,77.22,77.265,77.686,76.864,74.59,77.036,78.341,31002.1909,31004.74337,31580.78883,31864.28737,32526.34348,33624.94727,34031.11893,35101.73802,36342.58695,36805.13301,35964.55827,36696.12122,36462.09724,36792.98874,0.009000000000000008,0.020000000000000018,0.17300000000000004
Uzbekistan,6.25759983062744,6.283,0.0254001693725607,0.696652948856354,1.415,0.718347051143646,1.43402004241943,1.527,0.0929799575805698,0.716703712940216,0.771,0.054296287059784,0.693270325660706,1.085,0.3917296743392939,0.363311022520065,0.173,-0.190311022520065,0.280260264873505,0.196,-0.084260264873505,2.07334661483765,1.116,-0.95734661483765,0.982781682729724,,,,,,,,,,,0.603,0.61,0.618,0.625,0.632,0.638,0.644,0.658,0.663,0.672,0.681,0.686,0.692,0.698,0.703,0.707,0.714,0.719,0.725,0.73,0.723,0.727,0.737,0.74,69.836,70.143,70.411,70.692,70.973,71.33,71.58,71.737,71.999,72.093,71.461,71.681,72.147,72.388,5238.324084,5579.141075,5912.752518,6296.077363,6575.173797,6796.695997,7037.255155,7285.598597,7650.914002,7834.12383,7768.592791,8204.104233,8497.040961,8825.730893,0.010000000000000009,0.04899999999999993,
Chile,6.22849988937378,6.302,0.0735001106262194,1.09699249267578,1.73,0.6330075073242201,1.32328689098358,1.427,0.10371310901642,0.889260828495026,0.792,-0.0972608284950259,0.417482227087021,0.926,0.5085177729129791,0.155579000711441,0.087,-0.068579000711441,0.0628493502736092,0.087,0.0241506497263907,2.28301286697388,1.254,-1.02901286697388,1.103549209773543,0.718,0.723,0.73,0.725,0.73,0.739,0.745,0.752,0.759,0.766,0.771,0.778,0.784,0.789,0.797,0.804,0.804,0.812,0.82,0.819,0.823,0.823,0.832,0.845,0.849,0.855,0.859,0.862,0.866,0.867,0.856,0.865,0.869,0.878,79.095,79.236,79.221,79.551,79.714,80.008,80.295,80.61,80.559,80.324,79.349,78.876,79.176,81.167,22840.4367,23433.39717,25559.92666,26447.62865,26668.78487,27519.17107,27572.93993,27180.74082,27709.63187,27495.49195,24752.84147,27407.05948,28130.70734,28047.1698,0.01100000000000001,0.04400000000000004,0.14900000000000002
Bahrain,6.22730016708374,6.254,0.0266998329162593,1.29669225215912,1.93,0.63330774784088,1.31532371044159,1.293,-0.02232371044159,0.838836371898651,0.693,-0.145836371898651,0.610399901866913,1.055,0.444600098133087,0.287453711032867,0.143,-0.144453711032867,0.12669725716114,0.171,0.04430274283886,1.75191736221313,0.969,-0.7829173622131301,0.8095967954397189,0.734,0.728,0.728,0.732,0.732,0.737,0.741,0.746,0.754,0.761,0.775,0.785,0.791,0.799,0.795,0.791,0.795,0.8,0.804,0.804,0.81,0.817,0.833,0.846,0.847,0.868,0.871,0.874,0.886,0.894,0.885,0.885,0.902,0.899,78.593,79.141,79.622,79.998,80.214,80.338,80.407,80.407,80.412,80.471,78.683,78.083,80.992,81.284,44894.18456,43338.63557,50102.23956,50982.11425,50597.95935,50009.92952,50059.95372,50180.90405,50316.24937,51004.95741,48744.53713,50854.60797,53494.0871,52818.79538,0.0050000000000000044,0.08399999999999996,0.16000000000000003
Lithuania,6.21549987792969,6.704,0.4885001220703096,1.19355964660645,1.863,0.66944035339355,1.43286573886871,1.555,0.1221342611312898,0.795421183109283,0.653,-0.1424211831092829,0.420460790395737,0.891,0.470539209604263,0.0536910407245159,0.049,-0.0046910407245158,0.0813502743840218,0.113,0.0316497256159782,2.23814606666565,1.579,-0.6591460666656499,1.1466513259112825,0.745,0.738,0.723,0.705,0.699,0.706,0.723,0.739,0.751,0.762,0.778,0.787,0.799,0.812,0.821,0.828,0.834,0.839,0.849,0.851,0.854,0.86,0.862,0.865,0.866,0.869,0.875,0.885,0.889,0.894,0.888,0.887,0.888,0.895,73.196,73.608,73.964,74.027,74.596,74.474,74.82,75.701,75.909,76.424,75.105,74.297,74.696,76.025,28585.93162,30080.35297,31383.77281,33047.59662,35072.38479,35918.67178,37739.2288,39890.49893,41633.48099,43775.76715,44353.33325,44640.55466,42324.8521,41916.46579,0.0010000000000000009,0.040000000000000036,0.14900000000000002
Trinidad and Tobago,6.19189977645874,5.905,-0.28689977645874,1.16764152050018,1.748,0.58035847949982,1.40732622146606,1.413,0.00567377853394,0.658828556537628,0.49,-0.1688285565376279,0.552931129932404,0.884,0.331068870067596,0.199358254671097,0.109,-0.090358254671097,0.0150783956050873,0.0,-0.0150783956050873,2.19069576263428,1.262,-0.92869576263428,0.6428359212875437,0.661,0.665,0.665,0.667,0.672,0.677,0.684,0.692,0.7,0.708,0.714,0.721,0.73,0.74,0.75,0.756,0.766,0.774,0.782,0.782,0.789,0.792,0.796,0.802,0.805,0.808,0.806,0.806,0.803,0.805,0.8,0.796,0.805,0.807,71.809,72.232,72.513,72.785,72.898,72.882,72.935,72.984,72.658,72.836,72.645,71.111,73.331,73.49,33295.1028,30863.15031,31806.01272,33713.4734,34624.03869,36020.8702,32869.11743,31739.23958,29945.64231,29886.45203,26590.38658,27529.03123,26509.44043,27000.14511,0.0020000000000000018,0.016000000000000014,0.14400000000000002
Poland,6.1862998008728,6.768,0.5817001991271997,1.16922914981842,1.851,0.68177085018158,1.31039977073669,1.479,0.1686002292633102,0.868038475513458,0.693,-0.175038475513458,0.557903528213501,0.945,0.387096471786499,0.0633742436766624,0.023,-0.0403742436766624,0.160541251301765,0.177,0.0164587486982349,2.05679798126221,1.6,-0.45679798126221,1.0385135807395038,0.722,0.72,0.724,0.737,0.747,0.754,0.763,0.775,0.784,0.793,0.801,0.809,0.816,0.822,0.82,0.826,0.831,0.836,0.841,0.846,0.852,0.858,0.863,0.873,0.873,0.879,0.884,0.882,0.884,0.887,0.88,0.884,0.902,0.906,76.282,76.568,76.775,77.076,77.312,77.589,77.639,77.716,77.623,77.921,76.595,75.639,77.923,78.633,26546.56844,27813.14935,28176.81479,28478.10978,29528.37437,30851.12878,31728.01276,33228.15599,35219.37507,36800.33904,36244.8415,38629.22116,42129.48006,42217.63778,0.019000000000000017,0.03500000000000003,0.16500000000000004
Colombia,6.16340017318726,6.04,-0.1234001731872602,0.932203710079193,1.586,0.6537962899208071,1.3344509601593,1.374,0.0395490398407001,0.81002014875412,0.63,-0.1800201487541199,0.52689003944397,0.915,0.3881099605560301,0.0923740938305855,0.042,-0.0503740938305854,0.0458483695983887,0.051,0.0051516304016112,2.42165660858154,1.441,-0.9806566085815398,0.8562126781344431,0.623,0.63,0.639,0.645,0.65,0.655,0.663,0.67,0.676,0.673,0.679,0.681,0.684,0.691,0.699,0.711,0.712,0.724,0.731,0.736,0.741,0.747,0.748,0.76,0.763,0.767,0.772,0.774,0.775,0.777,0.764,0.762,0.782,0.788,74.876,75.18,75.611,75.834,75.95,76.067,76.228,76.418,76.579,76.793,74.757,72.698,76.508,77.725,13780.65632,14448.38853,14921.17721,15593.75358,16253.91222,16856.33958,17060.40384,16924.74898,16894.48984,17170.04423,15910.60897,17310.30641,18321.46972,18665.94967,0.01100000000000001,0.03600000000000003,0.15400000000000003
Cyprus,6.15899991989136,6.126,-0.0329999198913597,1.21279942989349,1.892,0.6792005701065098,1.14917075634003,1.215,0.0658292436599701,1.02612459659576,0.953,-0.0731245965957599,0.459385871887207,0.794,0.334614128112793,0.227932333946228,0.086,-0.141932333946228,0.0512071438133717,0.07,0.0187928561866283,2.03233480453491,1.116,-0.9163348045349098,0.8833798675239134,0.749,0.754,0.761,0.764,0.771,0.777,0.782,0.788,0.798,0.802,0.808,0.815,0.827,0.835,0.84,0.844,0.85,0.855,0.862,0.867,0.869,0.872,0.872,0.873,0.875,0.882,0.888,0.897,0.902,0.907,0.905,0.907,0.908,0.913,80.632,80.855,81.128,81.317,81.337,81.464,81.534,81.543,81.556,81.454,81.23,80.573,80.434,81.648,42324.37891,43127.61719,39690.44531,36933.33984,36153.31641,38391.30078,39348.9375,41626.70703,43168.12109,44112.51563,41443.70313,44214.28516,46470.25,45394.15625,0.006000000000000005,0.038000000000000034,0.15800000000000003
Nicaragua,6.13710021972656,6.301,0.1638997802734403,0.620033144950867,1.32,0.699966855049133,1.27081274986267,1.349,0.0781872501373299,0.803093254566193,0.74,-0.0630932545661929,0.560117304325104,1.03,0.469882695674896,0.212871477007866,0.097,-0.1158714770078659,0.174084573984146,0.278,0.103915426015854,2.49608111381531,1.487,-1.0090811138153095,1.172987495303154,0.515,0.526,0.531,0.534,0.54,0.549,0.559,0.568,0.569,0.585,0.593,0.601,0.609,0.615,0.623,0.63,0.636,0.642,0.646,0.646,0.651,0.657,0.664,0.668,0.674,0.679,0.684,0.688,0.69,0.69,0.676,0.682,0.701,0.706,71.761,72.033,72.435,72.551,72.792,72.899,73.18,73.389,73.879,73.764,70.766,70.478,74.463,74.947,5395.928304,5655.825841,5860.627607,6004.116873,6269.265099,6459.930036,6582.445138,6760.906855,6464.329845,6282.097387,5887.993464,6438.487665,6542.13789,6881.479609,0.016000000000000014,0.038999999999999924,0.17499999999999993
Romania,6.12370014190674,6.629,0.5052998580932595,1.12040162086487,1.818,0.6975983791351301,1.19443809986115,1.233,0.0385619001388501,0.792294859886169,0.608,-0.184294859886169,0.53485232591629,0.965,0.43014767408371,0.0681816190481186,0.03,-0.0381816190481186,0.00082956883125,0.034,0.0331704311687499,2.41274976730347,1.941,-0.4717497673034698,0.9770019055921528,0.719,0.705,0.694,0.692,0.695,0.701,0.707,0.709,0.715,0.724,0.73,0.737,0.745,0.749,0.757,0.765,0.781,0.792,0.815,0.826,0.822,0.823,0.817,0.821,0.82,0.823,0.823,0.828,0.833,0.838,0.832,0.829,0.84,0.845,73.579,74.288,74.314,74.918,74.765,74.737,75.021,75.024,75.103,75.329,74.046,72.74,75.261,75.938,24807.59745,26038.80945,26528.765,26753.355,28273.38875,29109.94323,30011.70686,32628.2774,34637.29307,36327.77264,35140.93373,37208.24766,38442.75611,39374.25372,0.007000000000000006,0.016000000000000014,0.119
Kuwait,6.10209989547729,6.543,0.4409001045227105,1.42483365535736,1.862,0.4371663446426401,1.24477982521057,1.316,0.0712201747894301,0.776468932628632,0.88,0.1035310673713679,0.570261418819427,1.031,0.4607385811805728,0.13275109231472,0.11,-0.0227510923147199,0.1128149330616,0.167,0.0541850669384,1.84016799926758,1.177,-0.6631679992675799,1.104090142607691,0.698,0.685,0.699,0.704,0.734,0.763,0.769,0.765,0.77,0.773,0.778,0.777,0.783,0.795,0.798,0.798,0.799,0.801,0.805,0.809,0.812,0.817,0.822,0.814,0.818,0.832,0.836,0.838,0.84,0.843,0.837,0.839,0.845,0.852,77.499,77.864,78.227,78.583,78.927,79.219,79.516,79.731,79.899,80.022,78.248,77.625,78.788,80.405,70842.94343,71396.74463,71079.25824,69926.65044,68500.64642,66753.74832,66155.11912,62860.63994,60640.45906,58620.85943,56330.06419,58124.06166,58462.66066,56612.04699,0.009000000000000008,0.030999999999999917,0.14500000000000002
Mauritius,6.10129976272583,5.939,-0.16229976272583,1.07366394996643,1.707,0.6333360500335701,1.39566683769226,1.384,-0.0116668376922601,0.763389408588409,0.704,-0.059389408588409,0.590838134288788,0.926,0.3351618657112121,0.186894550919533,0.092,-0.094894550919533,0.0840882286429405,0.127,0.0429117713570595,2.00672054290771,0.999,-1.0077205429077098,0.8454588899016394,0.627,0.632,0.637,0.641,0.645,0.65,0.653,0.659,0.667,0.675,0.683,0.697,0.701,0.709,0.716,0.723,0.729,0.736,0.742,0.748,0.755,0.762,0.778,0.781,0.79,0.792,0.795,0.799,0.801,0.803,0.795,0.789,0.794,0.806,73.647,74.068,74.33,74.43,74.614,74.673,74.85,75.024,74.491,74.181,74.657,72.903,73.544,74.926,18863.2104,19215.81234,20956.32274,21450.8813,22257.44889,23152.34713,23643.26166,24725.53305,26297.58266,27055.74232,23052.90722,23969.8383,24758.86831,27279.96011,0.0030000000000000027,0.04800000000000004,0.17600000000000005
Kazakhstan,6.05789995193481,6.633,0.57510004806519,1.12259423732758,1.782,0.6594057626724201,1.45326769351959,1.599,0.1457323064804099,0.698788940906525,0.552,-0.1467889409065249,0.497432142496109,0.982,0.484567857503891,0.153713792562485,0.117,-0.0367137925624849,0.110463686287403,0.104,-0.006463686287403,2.02160263061523,1.496,-0.5256026306152299,1.0997395069003082,0.689,0.683,0.68,0.673,0.666,0.665,0.669,0.673,0.678,0.683,0.692,0.707,0.72,0.732,0.743,0.754,0.765,0.772,0.771,0.774,0.781,0.79,0.799,0.808,0.813,0.819,0.82,0.824,0.828,0.834,0.826,0.816,0.831,0.837,68.257,69.108,69.939,70.719,71.415,72.024,72.549,72.996,73.369,73.658,71.195,70.131,73.503,74.402,23852.09045,24233.99151,25498.60377,27955.68509,28863.19453,30699.52887,29197.77644,29400.50489,29419.03641,30234.68096,30920.89913,29734.5523,30149.2581,30988.52844,0.0030000000000000027,0.052999999999999936,0.14500000000000002
Estonia,6.02180004119873,6.41,0.3881999588012705,1.19244122505188,1.824,0.63155877494812,1.45323252677917,1.604,0.1507674732208301,0.842615008354187,0.692,-0.150615008354187,0.576664805412292,0.99,0.4133351945877079,0.125136747956276,0.105,-0.020136747956276,0.201766818761826,0.353,0.1512331812381739,1.62992811203003,0.842,-0.78792811203003,1.176142867684369,0.738,0.734,0.722,0.713,0.711,0.725,0.746,0.759,0.767,0.776,0.793,0.802,0.813,0.824,0.834,0.847,0.855,0.859,0.864,0.863,0.868,0.877,0.88,0.887,0.885,0.888,0.89,0.894,0.897,0.901,0.901,0.899,0.902,0.905,75.882,76.346,76.416,77.252,77.11,77.665,77.763,78.181,78.334,78.773,78.893,77.409,78.167,79.153,26664.79936,29030.64753,30442.44492,31874.15863,33164.08239,34075.12622,35422.78332,37299.78927,39030.15704,40702.00795,40417.28637,43938.48044,43028.08362,40880.93044,0.0040000000000000036,0.03300000000000003,0.16300000000000003
Philippines,6.00600004196167,6.206,0.1999999580383304,0.775120675563812,1.413,0.637879324436188,1.24538171291351,1.285,0.0396182870864898,0.602189481258392,0.286,-0.316189481258392,0.62191516160965,1.085,0.46308483839035,0.129260212182999,0.088,-0.0412602121829989,0.130385726690292,0.095,-0.0353857266902919,2.50174188613892,1.953,-0.5487418861389199,0.7477470297813449,0.593,0.594,0.599,0.602,0.606,0.609,0.619,0.623,0.624,0.628,0.632,0.636,0.643,0.648,0.655,0.656,0.654,0.659,0.662,0.662,0.669,0.674,0.681,0.687,0.689,0.69,0.69,0.694,0.7,0.708,0.699,0.69,0.714,0.72,68.883,69.096,69.237,69.283,69.311,69.45,69.49,69.966,69.761,69.68,70.097,66.675,69.472,69.833,7136.744366,7244.956741,7622.450524,8051.880836,8412.417648,8779.327936,9213.155486,9671.37681,10070.39487,10437.61364,9092.283344,9110.06227,9865.370726,10731.20422,0.01200000000000001,0.038999999999999924,0.11499999999999999
Hungary,6.00040006637573,5.937,-0.0634000663757294,1.16430711746216,1.819,0.65469288253784,1.42300939559937,1.625,0.2019906044006301,0.806793868541718,0.633,-0.1737938685417179,0.386401802301407,0.785,0.398598197698593,0.0704912394285202,0.103,0.0325087605714797,0.0275481734424829,0.056,0.0284518265575171,2.12184572219849,0.916,-1.20584572219849,1.142448403224342,0.73,0.724,0.722,0.729,0.739,0.744,0.752,0.758,0.764,0.771,0.781,0.791,0.8,0.807,0.811,0.816,0.823,0.826,0.833,0.834,0.838,0.841,0.841,0.85,0.848,0.847,0.851,0.853,0.857,0.861,0.857,0.852,0.867,0.87,74.519,74.923,75.183,75.683,75.849,75.654,76.157,76.007,76.205,76.455,75.73,74.185,76.212,77.024,27578.9392,27833.96212,27581.45377,28618.09056,29527.33177,30723.36657,32285.91797,33095.99759,34652.602,36892.28341,35967.77182,37419.47569,37600.15,37236.07462,0.009000000000000008,0.02300000000000002,0.131
Thailand,5.9987998008728,6.296,0.2972001991272002,1.00702929496765,1.632,0.6249707050323499,1.34751951694489,1.424,0.07648048305511,0.793855845928192,0.694,-0.099855845928192,0.609449803829193,1.087,0.4775501961708069,0.376709014177322,0.195,-0.181709014177322,0.0318378619849682,0.029,-0.0028378619849681,1.83238410949707,1.234,-0.5983841094970701,0.8945986621677846,0.584,0.593,0.603,0.612,0.62,0.628,0.634,0.639,0.642,0.65,0.657,0.667,0.678,0.69,0.699,0.707,0.71,0.721,0.723,0.725,0.742,0.747,0.75,0.752,0.784,0.788,0.792,0.794,0.796,0.8,0.798,0.8,0.792,0.798,75.012,75.302,75.59,75.96,76.279,76.563,76.769,76.989,77.19,77.197,77.331,77.606,75.291,76.412,16057.18955,16390.21862,17080.31813,17105.91345,17411.83749,17872.37665,18492.58271,19227.64409,19905.1853,20530.9818,19548.52951,19576.49728,20180.50927,20569.90176,-0.0020000000000000018,0.05800000000000005,0.21600000000000008
Argentina,5.97469997406006,6.43,0.4553000259399393,1.02846562862396,1.7,0.67153437137604,1.37254369258881,1.517,0.1444563074111899,0.849773705005646,0.621,-0.2287737050056459,0.520840346813202,0.97,0.4491596531867979,0.0701004713773727,0.052,-0.0181004713773727,0.0604150593280792,0.076,0.0155849406719207,2.07254099845886,1.493,-0.57954099845886,1.03386109626293,0.733,0.739,0.743,0.748,0.753,0.754,0.76,0.768,0.772,0.783,0.789,0.795,0.795,0.804,0.808,0.812,0.822,0.825,0.833,0.835,0.844,0.852,0.85,0.852,0.855,0.859,0.857,0.861,0.861,0.861,0.851,0.847,0.858,0.865,75.68,76.1,75.802,75.829,76.268,76.6,76.105,76.543,76.77,76.847,75.878,73.948,75.806,77.395,27445.60411,28905.57472,28438.57992,28870.64399,27871.62728,28379.73414,27396.49286,27761.53299,26467.48901,25601.25381,23151.58354,25560.64022,26607.29661,25876.05307,0.0040000000000000036,0.017000000000000015,0.128
Honduras,5.95319986343384,6.096,0.1428001365661604,0.598763585090637,1.277,0.6782364149093629,1.18666410446167,1.083,-0.1036641044616699,0.791989982128143,0.466,-0.3259899821281429,0.568148076534271,0.999,0.430851923465729,0.256528198719025,0.122,-0.134528198719025,0.0868071019649506,0.081,-0.0058071019649506,2.46429538726807,2.067,-0.3972953872680698,0.5390989511013033,0.516,0.519,0.523,0.529,0.532,0.537,0.541,0.547,0.529,0.552,0.558,0.561,0.564,0.568,0.573,0.578,0.582,0.587,0.592,0.594,0.596,0.598,0.597,0.601,0.604,0.61,0.616,0.618,0.619,0.632,0.625,0.628,0.643,0.645,69.77,70.116,70.46,70.765,71.032,71.323,71.615,71.805,72.001,72.124,70.864,69.492,72.715,72.884,5128.283101,5186.313868,5200.060107,5253.95882,5239.033509,5373.045997,5459.580885,5690.230103,5716.557641,5754.952324,5191.774825,5686.370962,5906.583865,6064.785783,0.013000000000000012,0.03600000000000003,0.11599999999999999
Latvia,5.94999980926514,6.365,0.4150001907348599,1.14139544963837,1.797,0.6556045503616299,1.41439878940582,1.61,0.19560121059418,0.77790242433548,0.512,-0.2659024243354799,0.329198807477951,0.94,0.6108011925220489,0.0754079446196556,0.103,0.0275920553803444,0.0903915241360664,0.097,0.0066084758639336,2.12128305435181,1.305,-0.8162830543518103,1.2303050603866568,0.736,0.733,0.709,0.692,0.686,0.695,0.714,0.727,0.738,0.753,0.764,0.775,0.786,0.798,0.809,0.818,0.823,0.829,0.837,0.836,0.833,0.84,0.843,0.852,0.854,0.859,0.864,0.87,0.875,0.88,0.879,0.871,0.881,0.889,73.028,73.718,73.939,74.187,74.306,74.665,74.757,74.8,74.979,75.628,75.478,73.181,74.871,76.19,23744.52072,24959.4555,26408.96441,27461.4634,28212.33823,29482.34623,31121.88564,32491.83027,33973.70314,34655.50857,34543.17411,36094.98436,37623.09546,37997.82233,0.009000000000000008,0.04700000000000004,0.14400000000000002
Ecuador,5.92519998550415,6.144,0.2188000144958497,0.853383600711823,1.505,0.6516163992881769,1.22102761268616,1.168,-0.0530276126861599,0.838837742805481,0.835,-0.0038377428054809,0.555234551429749,0.86,0.304765448570251,0.115006476640701,0.058,-0.057006476640701,0.0867533832788467,0.085,-0.0017533832788466,2.25493383407593,1.634,-0.6209338340759301,0.8407566324472393,0.646,0.649,0.654,0.66,0.667,0.672,0.677,0.682,0.684,0.682,0.683,0.691,0.698,0.703,0.709,0.714,0.718,0.722,0.729,0.731,0.737,0.743,0.75,0.755,0.76,0.764,0.761,0.764,0.767,0.765,0.74,0.753,0.773,0.777,75.188,75.179,75.486,75.832,76.141,76.222,76.094,76.22,77.248,77.286,72.004,72.746,76.577,77.392,11527.80559,12289.46056,12818.23313,13540.75406,13890.61235,13673.71136,13395.75637,13899.59786,13722.3682,13459.63171,11975.10495,13242.99729,13896.85441,13986.39698,0.01200000000000001,0.028000000000000025,0.119
Portugal,5.9109001159668,6.029,0.1180998840331994,1.16880083084106,1.83,0.6611991691589401,1.33953034877777,1.461,0.1214696512222299,0.979315280914307,0.944,-0.035315280914307,0.589895188808441,1.005,0.4151048111915588,0.0530369468033314,0.035,-0.0180369468033314,0.0277334656566381,0.031,0.0032665343433618,1.75255870819092,0.724,-1.02855870819092,1.1476879381984524,0.707,0.718,0.735,0.751,0.765,0.773,0.781,0.789,0.795,0.793,0.797,0.801,0.804,0.808,0.809,0.81,0.815,0.821,0.826,0.831,0.836,0.843,0.844,0.849,0.854,0.857,0.859,0.864,0.866,0.872,0.87,0.876,0.883,0.89,80.115,80.582,80.555,80.903,81.314,81.321,81.364,81.66,81.591,81.959,81.366,81.398,81.194,82.36,34659.76133,34366.31952,32918.49065,33367.92448,33739.75911,34713.91464,35845.46625,37108.74847,38103.62892,39189.68687,36539.06731,38395.10428,39867.76499,41063.92568,0.018000000000000016,0.03600000000000003,0.16500000000000004
Jamaica,5.88980007171631,6.305,0.4151999282836893,0.779058396816254,1.445,0.6659416031837461,1.40828919410706,1.554,0.1457108058929399,0.788434088230133,0.371,-0.4174340882301329,0.553124606609344,0.966,0.4128753933906559,0.116268493235111,0.059,-0.057268493235111,0.030147785320878,0.082,0.051852214679122,2.21443653106689,1.827,-0.3874365310668901,0.8016774356812201,0.662,0.662,0.664,0.664,0.664,0.665,0.664,0.663,0.662,0.662,0.659,0.668,0.672,0.668,0.684,0.687,0.696,0.704,0.711,0.711,0.708,0.711,0.711,0.711,0.712,0.713,0.714,0.715,0.715,0.716,0.711,0.703,0.718,0.72,71.979,72.245,72.405,72.435,72.357,72.214,72.052,71.879,71.606,71.532,71.452,69.085,71.481,71.479,9343.997354,9451.413907,9379.432578,9388.733854,9434.778933,9503.437032,9638.051343,9688.502289,9847.132342,9931.361605,8935.965084,9336.513028,9812.845657,10056.98531,0.0040000000000000036,0.008000000000000007,0.05399999999999994
Japan,5.87080001831055,6.13,0.2591999816894494,1.26672410964966,1.858,0.5912758903503401,1.33233869075775,1.414,0.08166130924225,1.07288134098053,1.041,-0.03188134098053,0.495465874671936,0.875,0.379534125328064,0.0357117801904678,0.019,-0.0167117801904678,0.181439638137817,0.202,0.020560361862183,1.4862003326416,0.722,-0.7642003326416,1.024438565611839,0.853,0.857,0.859,0.865,0.872,0.874,0.88,0.883,0.884,0.885,0.889,0.892,0.894,0.896,0.899,0.9,0.903,0.905,0.905,0.905,0.907,0.906,0.909,0.912,0.914,0.917,0.918,0.92,0.921,0.922,0.922,0.922,0.921,0.925,82.916,82.671,83.168,83.402,83.643,83.883,84.057,84.189,84.289,84.418,84.67,84.55,84.054,84.712,42697.70813,42381.81014,42888.81751,43921.64278,44147.97475,45665.37189,46232.07854,46868.46444,46930.16418,46914.56326,45394.73338,46678.91661,46656.39246,47774.60973,0.0030000000000000027,0.015000000000000013,0.06900000000000006
Peru,5.79680013656616,5.974,0.1771998634338398,0.918549180030823,1.535,0.6164508199691769,1.2084059715271,1.24,0.0315940284728999,0.824444174766541,0.605,-0.219444174766541,0.51321005821228,0.849,0.3357899417877199,0.0916118174791336,0.055,-0.0366118174791336,0.0270326603204012,0.01,-0.0170326603204011,2.21349954605103,1.68,-0.5334995460510299,0.7107461376637211,0.625,0.628,0.629,0.633,0.644,0.654,0.658,0.663,0.671,0.68,0.682,0.69,0.69,0.689,0.694,0.691,0.697,0.708,0.714,0.717,0.731,0.738,0.748,0.757,0.763,0.768,0.775,0.775,0.78,0.784,0.769,0.764,0.79,0.794,72.886,73.327,73.979,74.591,75.26,75.732,75.951,75.958,76.018,76.275,73.832,71.596,76.834,77.74,11157.58829,11728.01506,12496.90996,13281.94186,13554.46126,14004.5059,14253.7288,14313.73383,14554.54098,14806.91096,13126.45897,13866.84247,14288.32493,14338.70977,0.010000000000000009,0.05300000000000005,0.15900000000000003
Serbia,5.77820014953613,6.691,0.9127998504638696,0.988181829452515,1.696,0.707818170547485,1.32744896411896,1.543,0.2155510358810399,0.828403294086456,0.58,-0.248403294086456,0.395428419113159,0.913,0.5175715808868411,0.150282889604568,0.124,-0.026282889604568,0.0594471469521523,0.096,0.0365528530478477,2.02904009819031,1.74,-0.2890400981903098,1.2028074566721896,,,,,,0.686,0.692,0.698,0.699,0.685,0.701,0.707,0.711,0.72,0.732,0.743,0.753,0.763,0.773,0.774,0.775,0.785,0.788,0.792,0.795,0.802,0.806,0.808,0.814,0.817,0.809,0.807,0.826,0.833,74.376,74.719,75.089,75.346,75.478,75.653,75.737,75.792,76.036,76.058,74.507,72.853,75.478,76.769,16161.60007,16328.1058,16397.50425,16835.9376,16659.00852,16900.70506,17394.71179,17674.19731,18842.31868,19693.93405,20132.23125,21703.41622,22577.78338,23114.80953,0.016000000000000014,0.041999999999999926,
Pakistan,5.69329977035522,4.868,-0.8252997703552198,0.616799473762512,1.224,0.607200526237488,0.872979581356049,0.556,-0.316979581356049,0.469933241605759,0.489,0.0190667583942409,0.405421733856201,0.564,0.1585782661437989,0.228705063462257,0.144,-0.084705063462257,0.122592121362686,0.071,-0.051592121362686,2.97687673568726,1.819,-1.15787673568726,0.331568784594536,0.396,0.4,0.405,0.408,0.412,0.415,0.42,0.422,0.426,0.431,0.436,0.443,0.45,0.458,0.472,0.48,0.489,0.495,0.496,0.497,0.5,0.504,0.508,0.512,0.522,0.527,0.535,0.537,0.538,0.54,0.536,0.537,0.544,0.544,64.378,64.659,64.883,65.129,65.374,65.641,65.943,66.223,66.481,66.729,65.701,65.773,67.417,67.649,4262.245435,4300.528341,4353.056214,4468.532718,4585.480401,4713.527393,4953.573222,5116.221719,5345.547682,5379.131929,5214.820827,5484.459418,5631.496898,5501.132932,0.0040000000000000036,0.040000000000000036,0.14400000000000002
Paraguay,5.69210004806519,6.198,0.5058999519348104,0.897990822792053,1.547,0.6490091772079469,1.36819756031036,1.529,0.1608024396896399,0.735869646072388,0.209,-0.5268696460723881,0.586510062217712,1.039,0.4524899377822879,0.204299241304398,0.097,-0.107299241304398,0.0650773793458939,0.058,-0.0070773793458938,1.83412528038025,1.719,-0.1151252803802498,0.6210552879571948,0.607,0.613,0.619,0.626,0.631,0.637,0.646,0.653,0.659,0.664,0.664,0.671,0.679,0.673,0.681,0.683,0.684,0.69,0.7,0.7,0.709,0.715,0.719,0.73,0.733,0.737,0.737,0.74,0.744,0.747,0.742,0.723,0.747,0.756,72.551,72.787,73.105,73.292,73.415,73.454,73.487,73.45,73.627,73.668,72.72,68.108,72.319,73.844,12014.05989,12496.97248,12236.07507,13089.22262,13634.9601,13840.78112,14259.89575,14767.2361,15036.33642,14839.89505,14462.45522,14828.19388,14733.24161,15252.22016,0.009000000000000008,0.038000000000000034,0.14
Dominican Republic,5.68919992446899,6.093,0.4038000755310102,0.983191847801208,1.664,0.6808081521987919,1.32888889312744,1.406,0.0771111068725598,0.741901695728302,0.702,-0.039901695728302,0.562873899936676,1.015,0.4521261000633239,0.112196780741215,0.061,-0.051196780741215,0.115945681929588,0.188,0.072054318070412,1.84424686431885,1.057,-0.7872468643188502,1.1910012007355706,0.589,0.594,0.604,0.611,0.617,0.624,0.631,0.639,0.645,0.652,0.658,0.663,0.668,0.67,0.673,0.683,0.691,0.698,0.704,0.707,0.715,0.721,0.727,0.731,0.737,0.747,0.766,0.77,0.773,0.771,0.767,0.762,0.778,0.776,72.039,72.496,72.817,73.038,73.145,72.982,72.889,73.37,73.555,73.112,72.636,71.757,74.211,73.72,14320.52957,14541.6496,14735.18344,15141.73889,15996.43685,17005.64559,17886.71658,18432.45325,19597.95465,20306.19666,18728.54581,20827.52562,21878.21011,22023.51059,0.0050000000000000044,0.05600000000000005,0.18200000000000005
Bosnia and Herzegovina,5.67409992218018,6.381,0.70690007781982,0.918395459651947,1.616,0.6976045403480531,1.20398652553558,1.425,0.2210134744644201,0.813928186893463,0.678,-0.1359281868934629,0.305365741252899,0.874,0.5686342587471009,0.264005243778229,0.152,-0.1120052437782289,0.0011724870419129,0.024,0.022827512958087,2.1672420501709,1.612,-0.5552420501709001,1.2621463558459691,,,,,,,,,,,0.674,0.677,0.683,0.689,0.694,0.698,0.701,0.709,0.719,0.722,0.725,0.731,0.742,0.756,0.765,0.769,0.776,0.78,0.785,0.788,0.783,0.783,0.799,0.804,76.827,76.963,77.037,77.129,77.089,77.073,77.124,77.385,77.942,77.394,76.04,74.567,76.777,77.85,12520.98338,12766.4943,12895.15069,13475.72766,13742.35329,14506.78885,15082.7085,15602.16393,16431.42118,17176.32066,16802.74452,18162.50441,19178.35269,19827.48588,0.016000000000000014,0.06300000000000006,
Montenegro,5.54610013961792,6.139,0.5928998603820803,1.0101500749588,1.709,0.6988499250412001,1.26565790176392,1.485,0.21934209823608,0.839028894901276,0.68,-0.1590288949012759,0.303223848342896,0.935,0.6317761516571041,0.149010330438614,0.073,-0.076010330438614,0.0984351113438606,0.142,0.0435648886561393,1.88056588172913,1.115,-0.76556588172913,1.358493838250634,,,,,,,,,,,,,,0.764,0.768,0.773,0.785,0.795,0.806,0.809,0.815,0.822,0.825,0.83,0.833,0.839,0.836,0.843,0.849,0.851,0.841,0.84,0.853,0.862,75.713,75.961,76.237,76.354,76.468,76.594,76.565,76.593,76.921,76.639,75.85,73.789,75.921,77.087,19672.15718,20590.20127,20180.72296,20939.79218,21163.02214,22062.12893,22417.90582,23766.60494,24756.96292,25755.09952,21946.76096,25016.02242,26668.08654,28026.3304,0.01100000000000001,0.03600000000000003,
Russian Federation,5.5460000038147,5.834,0.2879999961852997,1.12699961662292,1.821,0.69400038337708,1.37864410877228,1.331,-0.04764410877228,0.680445909500122,0.505,-0.1754459095001219,0.399499595165253,0.809,0.409500404834747,0.0990419164299965,0.112,0.0129580835700034,0.0456993617117405,0.133,0.0873006382882595,1.81571674346924,1.122,-0.69371674346924,0.980669491797688,0.762,0.758,0.744,0.725,0.712,0.713,0.723,0.734,0.738,0.74,0.75,0.758,0.764,0.772,0.777,0.78,0.791,0.802,0.807,0.805,0.808,0.822,0.825,0.83,0.831,0.833,0.835,0.838,0.845,0.847,0.818,0.813,0.826,0.832,68.153,69.725,70.117,70.64,70.798,71.345,71.91,72.845,72.936,73.066,71.171,69.807,72.517,73.154,33441.72063,34822.89058,36106.51953,36631.17969,36220.19922,35395.76172,34380.65625,34974.58984,36011.16797,36509.61328,35887.17969,38029.85547,37462.90234,39221.68359,-0.015000000000000013,0.038999999999999924,0.08499999999999996
Kyrgyzstan,5.54150009155273,6.049,0.5074999084472704,0.51318097114563,1.296,0.78281902885437,1.34103667736053,1.565,0.2239633226394699,0.680645883083344,0.759,0.078354116916656,0.614617764949799,1.108,0.493382235050201,0.301370739936829,0.142,-0.159370739936829,0.030466690659523,0.102,0.071533309340477,2.06020665168762,1.077,-0.98320665168762,1.4906812728643453,0.649,0.643,0.631,0.615,0.595,0.59,0.597,0.608,0.613,0.619,0.627,0.634,0.635,0.642,0.646,0.648,0.652,0.658,0.666,0.669,0.668,0.67,0.679,0.686,0.691,0.695,0.7,0.704,0.708,0.708,0.7,0.704,0.717,0.72,67.521,67.748,68.142,68.462,68.829,69.309,69.909,70.503,70.668,70.891,69.136,69.29,71.487,71.677,4624.097281,4619.638788,4929.945533,5208.491158,5390.566675,5496.936868,5539.094964,5707.478922,5908.042912,5715.032402,5500.532152,5412.229415,5822.80717,6078.117589,0.01200000000000001,0.039999999999999925,0.05899999999999994
Greece,5.5149998664856,5.697,0.1820001335143999,1.12807011604309,1.795,0.66692988395691,1.16897356510162,1.257,0.0880264348983799,0.979431748390198,0.799,-0.1804317483901979,0.173516348004341,0.478,0.3044836519956589,0.0,0.023,0.023,0.0488443523645401,0.064,0.0151556476354599,2.01617908477783,1.282,-0.7341790847778298,0.9171638700962108,0.77,0.78,0.782,0.784,0.79,0.792,0.796,0.803,0.813,0.816,0.828,0.837,0.836,0.842,0.851,0.863,0.871,0.866,0.871,0.874,0.876,0.874,0.874,0.879,0.886,0.888,0.884,0.887,0.893,0.896,0.896,0.897,0.897,0.908,80.573,80.625,80.422,81.067,81.12,80.789,81.269,80.961,81.495,81.349,81.536,80.531,79.944,81.857,36882.21788,32813.56876,31614.15215,30937.4899,31677.08228,32084.61735,32068.47079,32372.07923,32491.23436,33130.1267,30333.29095,32763.77334,34502.3192,35760.74915,0.01200000000000001,0.020000000000000018,0.126
Croatia,5.50470018386841,6.009,0.5042998161315904,1.10902428627014,1.834,0.72497571372986,1.31126487255096,1.562,0.2507351274490401,0.900575578212738,0.737,-0.163575578212738,0.381456881761551,0.675,0.293543118238449,0.113998979330063,0.022,-0.091998979330063,0.0123250056058168,0.095,0.0826749943941832,1.67602920532227,1.084,-0.59202920532227,1.0963543962687312,,,,,,0.713,0.725,0.734,0.744,0.753,0.769,0.785,0.792,0.798,0.807,0.814,0.819,0.825,0.827,0.826,0.831,0.836,0.839,0.846,0.848,0.852,0.856,0.862,0.867,0.872,0.867,0.876,0.886,0.889,76.676,76.993,77.284,77.51,77.514,77.633,77.629,77.726,77.865,78.197,77.497,77.141,78.278,78.58,27646.17444,27785.12574,27206.45146,27607.03379,27747.84947,29268.0593,29849.69415,31681.79583,32839.16221,34258.84298,32197.8171,37240.01436,40187.84435,41379.89027,0.017000000000000015,0.041000000000000036,
Libya,5.48880004882813,5.731,0.2421999511718695,1.02191376686096,1.48,0.45808623313904,1.19628369808197,1.136,-0.06028369808197,0.615626633167267,0.619,0.003373366832733,0.451354056596756,0.865,0.413645943403244,0.142757698893547,0.099,-0.043757698893547,0.172258079051971,0.245,0.072741920948029,1.88856315612793,1.286,-0.6025631561279299,0.843806067347529,0.69,0.7,0.703,0.705,0.71,0.712,0.716,0.721,0.721,0.724,0.727,0.73,0.733,0.739,0.741,0.747,0.751,0.754,0.754,0.753,0.755,0.715,0.758,0.748,0.728,0.728,0.725,0.74,0.743,0.737,0.688,0.729,0.741,0.721,72.196,69.95,72.188,72.339,71.3,71.644,71.799,72.721,73.151,72.941,72.388,72.062,74.462,69.339,23161.25135,12087.02045,23263.67503,19021.26644,14581.4422,14404.62606,13857.9529,18094.1143,19146.26306,17866.13512,7326.37811,17927.94709,18269.38741,19831.43236,-0.016000000000000014,-0.018000000000000016,0.04700000000000004
Mongolia,5.45620012283325,5.936,0.4797998771667497,0.90487277507782,1.558,0.65312722492218,1.45893061161041,1.615,0.15606938838959,0.615788161754608,0.421,-0.194788161754608,0.355703115463257,0.752,0.396296884536743,0.263885736465454,0.162,-0.1018857364654539,0.0465331263840199,0.051,0.00446687361598,1.81052756309509,1.376,-0.4345275630950902,0.913286473244431,0.593,0.591,0.581,0.567,0.568,0.572,0.578,0.585,0.594,0.602,0.611,0.622,0.631,0.643,0.658,0.671,0.683,0.696,0.707,0.711,0.714,0.725,0.735,0.744,0.748,0.753,0.759,0.759,0.767,0.758,0.741,0.727,0.742,0.747,67.1,67.167,67.611,68.21,68.737,69.239,69.736,70.171,70.574,70.663,70.029,68.565,71.505,71.734,9172.088458,10556.11753,11693.87993,13140.9961,13519.08107,13566.25225,13448.9696,12876.63142,14385.63584,14506.60923,13853.01869,12768.34,13682.72439,14787.08237,-0.01100000000000001,0.04400000000000004,0.16500000000000004
Malaysia,5.38430023193359,6.005,0.6206997680664097,1.168421626091,1.766,0.5975783739089999,1.17400228977203,1.17,-0.0040022897720299,0.788511872291565,0.413,-0.3755118722915651,0.596941530704498,1.109,0.512058469295502,0.274886161088943,0.161,-0.1138861610889429,0.062163133174181,0.112,0.049836866825819,1.31942081451416,1.275,-0.04442081451416,0.666073386877783,0.653,0.661,0.67,0.677,0.684,0.691,0.701,0.713,0.718,0.723,0.733,0.731,0.732,0.737,0.739,0.736,0.742,0.754,0.765,0.773,0.779,0.782,0.787,0.791,0.795,0.8,0.805,0.807,0.809,0.812,0.81,0.802,0.81,0.819,75.376,75.488,75.552,75.464,75.345,75.288,75.371,75.542,75.734,75.9,76.057,73.917,75.444,76.657,22605.69688,23585.37218,24125.37355,24921.13949,25975.74669,26990.64742,27874.58117,29080.52955,29894.81191,31008.55597,29117.14812,29627.2397,31629.45608,32553.09108,0.006999999999999895,0.03300000000000003,0.15900000000000003
Viet Nam,5.35349988937378,6.428,1.0745001106262198,0.718092381954193,1.51,0.791907618045807,1.25307476520538,1.375,0.12192523479462,0.819133996963501,0.698,-0.121133996963501,0.650835573673248,1.147,0.496164426326752,0.136488720774651,0.039,-0.0974887207746509,0.0898484587669373,0.207,0.1171515412330626,1.68597793579102,1.453,-0.23297793579102,1.3085261026620896,0.499,0.509,0.521,0.531,0.543,0.556,0.567,0.578,0.588,0.596,0.604,0.612,0.621,0.63,0.638,0.647,0.656,0.664,0.672,0.679,0.686,0.693,0.698,0.704,0.711,0.717,0.723,0.729,0.737,0.744,0.755,0.754,0.764,0.766,73.611,73.713,73.762,73.821,73.886,73.955,73.984,74.026,74.1,74.211,75.383,74.145,74.502,74.588,7071.442951,7462.734111,7754.73891,8079.871201,8472.929299,8859.765815,9305.309265,9787.739829,10521.9865,11203.2953,11515.65468,11604.54861,12490.12898,13032.63533,0.02200000000000002,0.05799999999999994,0.245
Indonesia,5.28560018539429,5.617,0.3313998146057102,0.891720712184906,1.512,0.620279287815094,1.15480089187622,1.229,0.07419910812378,0.610437035560608,0.485,-0.125437035560608,0.568161427974701,1.043,0.4748385720252989,0.542646527290344,0.295,-0.247646527290344,0.0382786132395267,0.033,-0.0052786132395266,1.47957348823547,1.02,-0.45957348823547,0.7909547918736942,0.531,0.538,0.545,0.555,0.565,0.575,0.585,0.595,0.591,0.595,0.6,0.608,0.617,0.625,0.624,0.638,0.646,0.649,0.653,0.663,0.67,0.678,0.686,0.69,0.693,0.701,0.705,0.712,0.715,0.714,0.71,0.707,0.726,0.728,68.364,68.629,68.862,69.064,69.292,69.52,69.733,69.953,70.08,70.349,68.817,67.452,70.925,71.146,8689.819307,9099.459333,9528.256939,9920.760752,10262.76634,10650.62841,11083.03148,11528.33126,12028.82869,12510.5906,12192.41305,12546.96347,13106.56401,13700.12989,0.014000000000000012,0.04399999999999993,0.18299999999999994
Benin,5.21600008010864,4.393,-0.8230000801086401,0.366244703531265,1.122,0.7557552964687351,0.352428436279297,0.087,-0.265428436279297,0.328062951564789,0.409,0.0809370484352109,0.405839890241623,0.816,0.4101601097583769,0.196670427918434,0.086,-0.110670427918434,0.12593187391758,0.243,0.1170681260824199,3.44080972671509,1.63,-1.8108097267150904,0.987821716547012,0.351,0.358,0.363,0.371,0.375,0.383,0.389,0.396,0.401,0.407,0.415,0.426,0.435,0.442,0.449,0.456,0.462,0.469,0.475,0.48,0.485,0.49,0.497,0.506,0.509,0.511,0.51,0.507,0.507,0.507,0.504,0.506,0.512,0.515,58.387,58.462,58.559,58.863,59.008,59.123,59.283,59.528,59.71,59.888,60.154,59.61,60.475,60.774,2819.911685,2831.206641,2869.225288,2988.908003,3090.145533,3042.714164,3050.897721,3123.176038,3239.335488,3363.48276,3394.211342,3557.079405,3666.362316,3805.527516,0.008000000000000007,0.02200000000000002,0.15600000000000003
Congo,5.1943998336792,4.456,-0.7383998336791997,0.633616745471954,1.259,0.6253832545280459,0.75763601064682,0.554,-0.2036360106468199,0.458101123571396,0.391,-0.0671011235713959,0.386514395475388,0.751,0.364485604524612,0.117216013371944,0.074,-0.043216013371944,0.118670783936977,0.123,0.004329216063023,2.72261953353882,1.304,-1.41861953353882,0.6802449275255209,0.573,0.571,0.572,0.566,0.561,0.551,0.55,0.516,0.542,0.544,0.545,0.55,0.552,0.553,0.557,0.569,0.582,0.583,0.591,0.602,0.609,0.613,0.624,0.63,0.639,0.643,0.64,0.635,0.64,0.634,0.643,0.643,0.644,0.649,61.731,62.286,62.662,62.969,63.349,63.662,63.911,64.203,64.472,63.152,64.391,64.192,65.0,65.772,7894.725706,7587.391433,8550.156794,8596.68266,9322.621347,8963.589043,7797.002696,6574.905209,6668.385344,6305.48033,6357.600441,6074.608111,5806.855269,5902.599066,0.015000000000000013,0.025000000000000022,0.061000000000000054
Azerbaijan,5.16480016708374,4.993,-0.1718001670837399,0.990272700786591,1.636,0.6457272992134089,1.18061304092407,0.979,-0.20161304092407,0.731134057044983,0.847,0.1158659429550169,0.467734724283218,0.935,0.467265275716782,0.0401132144033909,0.058,0.0178867855966091,0.247307181358337,0.198,-0.049307181358337,1.50763297080994,0.34,-1.16763297080994,0.99582508119941,,,,,,0.618,0.622,0.626,0.636,0.646,0.652,0.66,0.669,0.676,0.682,0.692,0.711,0.72,0.731,0.74,0.744,0.746,0.751,0.757,0.766,0.771,0.772,0.774,0.775,0.78,0.757,0.765,0.784,0.789,70.309,70.565,71.08,71.485,71.93,72.349,72.568,72.694,73.016,73.29,70.312,70.999,74.125,74.429,18174.01509,17809.12572,18189.31493,19124.79856,19822.18638,19730.86513,18339.65539,18601.12278,18557.25363,19072.48337,18743.01221,19693.90635,20490.9817,20667.95729,0.009000000000000008,0.03600000000000003,
North Macedonia,5.15980005264282,5.719,0.5591999473571807,0.935371994972229,1.665,0.729628005027771,1.18317353725433,1.448,0.26482646274567,0.802994132041931,0.581,-0.221994132041931,0.410224586725235,0.74,0.329775413274765,0.18586353957653,0.124,-0.06186353957653,0.0245950594544411,0.013,-0.011595059454441,1.61759495735168,1.149,-0.4685949573516799,1.028777149975304,0.644,0.647,0.642,0.647,0.648,0.653,0.657,0.661,0.666,0.675,0.686,0.691,0.694,0.7,0.708,0.717,0.726,0.732,0.753,0.757,0.765,0.771,0.775,0.782,0.788,0.795,0.8,0.807,0.814,0.805,0.783,0.781,0.811,0.815,75.037,75.142,75.043,75.583,75.633,75.629,75.571,76.152,76.883,76.835,74.469,73.292,76.645,77.395,16721.00394,17131.2073,17049.50266,17571.99462,18345.72396,18839.21254,19239.73977,19530.2092,20130.97674,20960.1692,20382.85464,21389.72069,21962.94394,22128.39461,0.009999999999999898,0.040000000000000036,0.16100000000000003
Ghana,5.14799976348877,4.554,-0.5939997634887701,0.575862467288971,1.297,0.721137532711029,0.966367959976196,0.961,-0.0053679599761959,0.432162255048752,0.507,0.074837744951248,0.477290064096451,0.932,0.454709935903549,0.261291205883026,0.123,-0.138291205883026,0.0565703809261322,0.035,-0.0215703809261322,2.37843728065491,0.699,-1.67943728065491,1.085455666780472,0.432,0.438,0.444,0.45,0.453,0.459,0.465,0.469,0.475,0.48,0.487,0.486,0.493,0.495,0.503,0.515,0.524,0.534,0.546,0.551,0.558,0.568,0.575,0.582,0.58,0.588,0.59,0.594,0.6,0.609,0.614,0.618,0.625,0.628,61.297,61.617,61.995,62.397,62.832,63.175,63.522,63.829,64.138,64.455,64.309,64.286,65.246,65.498,4405.076016,4830.327359,5039.796008,5408.044475,5300.678009,5412.756719,5413.128771,5670.971586,5917.655499,6196.924788,6415.395686,6343.765165,6545.654547,6846.352204,0.019000000000000017,0.050999999999999934,0.177
Nepal,5.13719987869263,5.147,0.0098001213073706,0.444050371646881,1.2,0.755949628353119,1.10078930854797,1.099,-0.0017893085479701,0.668879389762878,0.508,-0.1608793897628779,0.480608254671097,0.887,0.406391745328903,0.300971806049347,0.117,-0.183971806049347,0.127502962946892,0.075,-0.052502962946892,2.01438689231873,1.26,-0.75438689231873,0.7631979063749348,0.404,0.412,0.42,0.425,0.433,0.438,0.447,0.453,0.459,0.464,0.471,0.472,0.479,0.486,0.493,0.5,0.512,0.516,0.526,0.538,0.551,0.559,0.565,0.57,0.574,0.575,0.58,0.588,0.596,0.604,0.599,0.596,0.605,0.622,66.772,67.123,67.364,67.598,67.812,67.374,68.444,68.74,69.036,69.299,69.106,68.385,70.087,70.354,3128.088376,3214.469913,3363.765452,3474.564017,3701.313402,3825.117284,3802.475928,4087.44999,4333.614868,4588.130854,4405.203587,4485.33701,4660.851964,4725.930613,0.018000000000000016,0.052999999999999936,0.19999999999999996
Türkiye,5.13180017471313,5.3,0.1681998252868695,1.12716925144196,1.785,0.6578307485580399,1.19715917110443,1.313,0.1158408288955699,0.781335294246674,0.692,-0.089335294246674,0.254400759935379,0.363,0.108599240064621,0.0858855694532394,0.046,-0.0398855694532394,0.120983242988586,0.099,-0.0219832429885859,1.56481671333313,1.002,-0.5628167133331301,0.7310667108297313,0.598,0.602,0.608,0.615,0.616,0.623,0.63,0.638,0.649,0.652,0.669,0.675,0.685,0.691,0.696,0.701,0.711,0.719,0.721,0.728,0.75,0.764,0.772,0.802,0.813,0.821,0.826,0.833,0.838,0.841,0.838,0.841,0.853,0.853,74.964,74.823,75.552,76.171,76.452,76.539,76.595,77.037,77.454,77.737,76.525,75.722,77.591,77.156,19980.85583,21936.36812,22708.63254,24210.0225,24941.41901,25737.01402,26029.16467,27378.71615,27985.12725,27864.81803,28244.92019,31225.32612,32923.6859,34506.98065,0.01200000000000001,0.09099999999999997,0.243
China,5.12389993667603,6.074,0.95010006332397,0.990533411502838,1.662,0.6714665884971619,1.13208067417145,0.963,-0.16908067417145,0.86724853515625,0.905,0.03775146484375,0.601605117321014,0.793,0.191394882678986,0.079021044075489,0.089,0.0099789559245109,0.117255553603172,0.161,0.043744446396828,1.33618187904358,1.502,0.16581812095642,0.785255664169787,0.491,0.499,0.511,0.522,0.532,0.543,0.555,0.566,0.576,0.587,0.598,0.608,0.619,0.63,0.642,0.654,0.666,0.68,0.689,0.7,0.71,0.717,0.725,0.733,0.742,0.75,0.758,0.765,0.774,0.781,0.786,0.794,0.796,0.797,75.668,75.889,76.2,76.452,76.714,76.975,77.214,77.235,77.709,77.94,78.019,78.117,78.202,77.953,10222.51319,11080.47141,11957.04078,12724.80478,13714.12598,14505.20493,15406.83992,16439.18921,17412.53887,18413.61937,18683.02015,20264.56554,20888.85431,22029.22253,0.016000000000000014,0.07100000000000006,0.29000000000000004
Bulgaria,5.10150003433228,5.703,0.6014999656677205,1.04655468463898,1.768,0.7214453153610201,1.46057891845703,1.587,0.12642108154297,0.777776896953583,0.47,-0.307776896953583,0.417820066213608,0.881,0.463179933786392,0.103833712637424,0.059,-0.044833712637424,0.0,0.003,0.003,1.29496145248413,0.935,-0.3599614524841299,0.9614357210993753,0.706,0.706,0.709,0.711,0.713,0.709,0.718,0.713,0.723,0.728,0.733,0.742,0.753,0.762,0.769,0.775,0.779,0.785,0.791,0.793,0.799,0.803,0.807,0.815,0.819,0.824,0.827,0.829,0.832,0.835,0.826,0.817,0.835,0.845,73.814,74.169,74.337,74.828,74.466,74.621,74.827,74.798,74.933,75.087,73.599,71.414,74.034,75.636,21515.06984,21861.74152,22570.93303,22375.81702,23025.01115,23420.5225,24287.98435,25367.07058,25946.48259,27291.96606,26169.45053,28236.89571,31461.85348,32174.93003,0.010000000000000009,0.03599999999999992,0.129
Morocco,5.09479999542236,4.646,-0.4487999954223598,0.758622109889984,1.376,0.6173778901100159,0.645208477973938,0.401,-0.2442084779739379,0.745096921920776,0.674,-0.0710969219207759,0.450054138898849,0.844,0.393945861101151,0.0400325506925583,0.035,-0.0050325506925582,0.0773856043815613,0.086,0.0086143956184387,2.37840247154236,1.229,-1.14940247154236,0.6996001962423333,0.451,0.457,0.461,0.468,0.48,0.484,0.495,0.5,0.507,0.517,0.528,0.539,0.55,0.56,0.567,0.573,0.579,0.586,0.593,0.598,0.607,0.619,0.629,0.639,0.648,0.659,0.665,0.674,0.68,0.687,0.683,0.69,0.704,0.71,70.821,71.263,71.674,72.117,72.522,72.894,73.228,73.608,73.946,74.245,73.133,73.385,75.161,75.313,7112.009766,7381.540527,7478.955078,7730.878906,7783.251953,8052.374023,8006.727051,8298.285156,8459.296875,8610.748047,7952.530273,8462.808594,8483.361328,8652.880859,0.02299999999999991,0.08000000000000007,0.23600000000000004
Cameroon,5.08489990234375,5.083,-0.0018999023437498,0.50395804643631,1.191,0.68704195356369,0.899726450443268,0.9,0.0002735495567319,0.270189553499222,0.348,0.0778104465007779,0.439242482185364,0.821,0.3817575178146359,0.198020100593567,0.094,-0.104020100593567,0.0543934218585491,0.055,0.0006065781414509,2.71937084197998,1.675,-1.04437084197998,1.0434699449837197,0.448,0.445,0.442,0.436,0.434,0.433,0.432,0.432,0.433,0.434,0.439,0.458,0.458,0.465,0.47,0.472,0.473,0.485,0.501,0.516,0.529,0.538,0.549,0.558,0.566,0.575,0.579,0.581,0.582,0.582,0.579,0.574,0.581,0.588,56.965,57.482,58.17,58.73,59.13,59.687,60.293,60.817,61.189,61.695,61.674,61.146,62.443,63.7,4200.505461,4219.998608,4271.328835,4343.419377,4452.151839,4583.946083,4636.539904,4657.676631,4708.64118,4724.442214,4609.762821,4664.754167,4662.563929,4746.26582,0.006000000000000005,0.052999999999999936,0.13399999999999995
Algeria,5.00509977340698,5.714,0.7089002265930207,0.943856000900269,1.535,0.5911439990997309,1.14300358295441,1.275,0.1319964170455898,0.745418548583984,0.964,0.2185814514160159,0.0839437991380692,0.933,0.8490562008619309,0.118915013968945,0.057,-0.0619150139689449,0.129190653562546,0.113,-0.0161906535625459,1.84081172943115,0.837,-1.00381172943115,1.7126724008917764,0.595,0.596,0.601,0.603,0.603,0.608,0.615,0.624,0.634,0.643,0.651,0.659,0.669,0.677,0.685,0.692,0.698,0.704,0.711,0.714,0.718,0.718,0.723,0.727,0.732,0.737,0.743,0.746,0.749,0.753,0.742,0.755,0.761,0.763,74.144,74.383,74.609,74.809,74.992,75.159,75.31,75.431,75.555,75.682,73.257,75.208,76.129,76.261,14631.28454,14667.53076,14699.57241,14678.74998,14946.76066,15117.00013,15618.63036,15465.5214,15227.34173,15105.29068,14166.8216,14403.61277,14581.90288,15114.17175,0.010000000000000009,0.03500000000000003,0.15800000000000003
Senegal,4.98080015182495,4.787,-0.1938001518249503,0.504061818122864,1.164,0.6599381818771359,0.954593420028687,0.882,-0.0725934200286869,0.518391907215118,0.48,-0.0383919072151179,0.352400898933411,0.922,0.5695991010665891,0.16439713537693,0.114,-0.0503971353769299,0.0818659365177155,0.113,0.0311340634822845,2.4051239490509,1.111,-1.2941239490509002,1.0992888838052748,0.377,0.379,0.381,0.382,0.382,0.384,0.385,0.386,0.389,0.392,0.398,0.404,0.409,0.416,0.423,0.43,0.438,0.45,0.462,0.47,0.477,0.491,0.499,0.504,0.508,0.509,0.516,0.517,0.522,0.52,0.522,0.522,0.526,0.53,64.221,64.799,65.229,65.638,66.001,66.451,66.724,67.059,67.379,67.668,67.496,66.868,67.788,68.683,3404.265255,3336.210982,3373.480607,3360.58602,3463.438637,3559.891802,3681.935246,3841.22863,3980.056505,4052.25046,4037.019884,4150.17929,4172.138896,4202.030729,0.010000000000000009,0.04300000000000004,0.14300000000000002
Guinea,4.94929981231689,4.609,-0.3402998123168901,0.390007734298706,1.132,0.7419922657012938,0.751365959644318,0.622,-0.1293659596443179,0.33365523815155,0.364,0.0303447618484499,0.371878057718277,0.866,0.494121942281723,0.249490842223167,0.141,-0.108490842223167,0.112204559147358,0.102,-0.010204559147358,2.74072980880737,1.381,-1.35972980880737,1.018397608816624,0.282,0.287,0.293,0.3,0.307,0.314,0.323,0.332,0.342,0.351,0.359,0.366,0.377,0.384,0.391,0.401,0.409,0.416,0.422,0.424,0.43,0.436,0.44,0.445,0.451,0.465,0.482,0.482,0.479,0.486,0.488,0.49,0.498,0.5,56.431,56.778,57.117,57.459,57.581,57.899,58.49,58.715,59.043,59.379,59.35,59.373,60.432,60.74,2609.543127,2666.046382,2763.946238,2706.210428,2786.648553,2869.065699,3094.988871,3371.194038,3387.627921,3462.866336,3361.174278,3209.705499,3412.495042,3494.347723,0.014000000000000012,0.055999999999999994,0.20400000000000001
Niger,4.90959978103638,4.94,0.0304002189636207,0.108330331742764,0.89,0.781669668257236,0.703800141811371,0.651,-0.0528001418113709,0.298816353082657,0.3,0.0011836469173429,0.435311615467072,0.9,0.464688384532928,0.208176895976067,0.121,-0.087176895976067,0.13755476474762,0.115,-0.0225547647476199,3.0176305770874,1.964,-1.0536305770874002,1.085009897172449,0.215,0.219,0.222,0.228,0.233,0.238,0.245,0.25,0.258,0.263,0.266,0.272,0.278,0.284,0.292,0.302,0.309,0.313,0.323,0.329,0.339,0.346,0.356,0.362,0.369,0.374,0.38,0.384,0.391,0.4,0.404,0.413,0.414,0.419,57.08,57.6,57.987,58.364,58.693,58.85,59.228,59.524,59.765,60.031,59.89,59.542,60.398,61.183,1249.32723,1237.660712,1345.67701,1352.772757,1409.291078,1405.992738,1432.585335,1450.8181,1509.669233,1550.194408,1500.511021,1566.662039,1517.979423,1590.18796,0.01899999999999996,0.061,0.18500000000000003
Albania,4.88269996643066,5.662,0.7793000335693403,0.906653046607971,1.631,0.724346953392029,0.830483913421631,1.026,0.195516086578369,0.846329629421234,0.782,-0.0643296294212339,0.46194589138031,1.014,0.55205410861969,0.171027764678001,0.106,-0.0650277646780009,0.0253612846136093,0.06,0.0346387153863907,1.64089703559875,1.043,-0.5978970355987501,1.3771984698772437,0.654,0.638,0.622,0.624,0.629,0.638,0.647,0.645,0.659,0.671,0.682,0.691,0.697,0.705,0.71,0.723,0.732,0.742,0.749,0.756,0.769,0.781,0.79,0.793,0.797,0.797,0.797,0.798,0.801,0.805,0.794,0.794,0.806,0.81,78.414,78.303,78.084,77.995,78.029,78.358,78.643,78.9,79.238,79.467,77.824,76.844,78.769,79.602,11851.97418,12312.54001,12412.33733,12865.25494,13019.67144,13381.1968,13902.71937,14256.36107,14813.7759,15013.3742,14553.63559,16035.43576,16945.17025,17627.39404,0.0050000000000000044,0.03600000000000003,0.15100000000000002
Cambodia,4.8484001159668,4.462,-0.3864001159668007,0.544634938240051,1.295,0.7503650617599489,1.07142603397369,1.075,0.0035739660263098,0.587904334068298,0.531,-0.0569043340682979,0.674940347671509,1.123,0.448059652328491,0.233342081308365,0.148,-0.085342081308365,0.0728375017642975,0.088,0.0151624982357024,1.66330003738403,0.201,-1.46230003738403,1.0749147629737894,0.387,0.392,0.396,0.399,0.4,0.404,0.408,0.414,0.419,0.429,0.438,0.453,0.473,0.488,0.502,0.514,0.525,0.534,0.539,0.539,0.543,0.547,0.551,0.554,0.557,0.562,0.57,0.578,0.586,0.593,0.595,0.594,0.602,0.606,67.311,67.869,68.371,68.755,69.117,69.398,69.635,69.842,69.993,70.127,70.059,69.301,70.528,70.668,2820.319421,2953.152986,3096.679463,3253.885007,3437.208214,3629.062277,3839.195285,4057.349823,4284.367097,4508.785685,4415.429931,4425.366928,4612.258422,4931.016842,0.013000000000000012,0.04999999999999993,0.20599999999999996
Bangladesh,4.83279991149902,4.319,-0.5137999114990199,0.556156277656555,1.353,0.796843722343445,0.868800580501556,0.245,-0.623800580501556,0.694940507411957,0.672,-0.0229405074119569,0.604130566120148,1.078,0.473869433879852,0.176745116710663,0.111,-0.065745116710663,0.176735907793045,0.087,-0.089735907793045,1.75526189804077,0.774,-0.98126189804077,0.4684910438060762,0.397,0.395,0.411,0.419,0.426,0.434,0.442,0.451,0.459,0.468,0.477,0.486,0.494,0.503,0.511,0.52,0.527,0.534,0.538,0.551,0.561,0.572,0.583,0.589,0.6,0.621,0.632,0.633,0.646,0.656,0.663,0.663,0.68,0.685,68.009,68.499,68.989,69.487,70.016,70.543,71.075,71.606,72.122,72.625,71.421,71.103,74.265,74.672,4011.007432,4297.115389,4634.890643,4932.186405,5205.479375,5582.619597,5987.015851,6228.122571,6641.699214,7092.492311,7256.570492,7754.226262,8114.366836,8497.658639,0.029000000000000026,0.09499999999999997,0.259
Gabon,4.82929992675781,5.167,0.33770007324219,0.988044381141663,1.591,0.6029556188583369,1.10639750957489,1.003,-0.10339750957489,0.522574841976166,0.45,-0.0725748419761659,0.369459897279739,0.829,0.4595401027202609,0.0520136021077633,0.043,-0.0090136021077633,0.0558045394718647,0.092,0.0361954605281353,1.735027551651,1.159,-0.5760275516510001,0.913705228447914,0.621,0.627,0.628,0.631,0.636,0.64,0.644,0.648,0.654,0.653,0.652,0.657,0.661,0.664,0.665,0.671,0.67,0.674,0.675,0.681,0.684,0.69,0.699,0.707,0.716,0.72,0.724,0.726,0.727,0.73,0.732,0.72,0.73,0.733,64.715,65.102,65.438,65.751,66.07,66.336,66.583,66.816,67.043,67.337,67.073,67.072,67.713,68.337,19444.82872,19266.5254,20975.52432,21754.65937,23760.79278,23016.95021,23076.55524,22948.73829,21855.17234,21409.17969,22035.36436,16490.96058,18924.67547,18854.06151,0.0030000000000000027,0.04599999999999993,0.10899999999999999
South Africa,4.81409978866577,5.009,0.1949002113342306,0.902140438556671,1.494,0.591859561443329,1.25908625125885,1.285,0.0259137487411498,0.407034069299698,0.101,-0.306034069299698,0.434781819581985,0.825,0.390218180418015,0.126406848430634,0.064,-0.0624068484306339,0.0595021396875381,0.064,0.0044978603124619,1.62511730194092,1.176,-0.44911730194092,0.6440484331846237,0.633,0.641,0.645,0.65,0.654,0.654,0.649,0.642,0.634,0.626,0.618,0.613,0.614,0.61,0.613,0.616,0.622,0.632,0.643,0.657,0.669,0.683,0.696,0.705,0.713,0.722,0.722,0.726,0.732,0.742,0.724,0.721,0.737,0.741,58.886,60.602,61.737,62.388,63.184,64.053,64.749,65.422,65.726,66.071,65.15,62.01,65.454,66.139,13291.54152,13729.97575,13677.73993,13774.90855,13671.41134,13653.94951,13635.83522,13862.17756,13839.46332,13882.0147,13241.77516,13901.69786,13819.63409,13693.98858,-0.0010000000000000009,0.07299999999999995,0.10899999999999999
Iraq,4.78480005264282,5.212,0.4271999473571801,0.982018709182739,1.477,0.494981290817261,1.0114666223526,1.127,0.1155333776473999,0.529350697994232,0.704,0.174649302005768,0.283588051795959,0.615,0.331411948204041,0.153002068400383,0.087,-0.066002068400383,0.0731649920344353,0.084,0.0108350079655647,1.75217366218567,1.117,-0.6351736621856701,1.0614088582396517,0.531,0.504,0.532,0.55,0.547,0.538,0.557,0.565,0.58,0.589,0.592,0.598,0.6,0.582,0.604,0.609,0.611,0.618,0.634,0.644,0.65,0.656,0.664,0.668,0.671,0.675,0.676,0.681,0.689,0.693,0.68,0.687,0.695,0.695,68.092,68.435,68.827,69.047,69.679,69.977,68.683,69.788,71.116,71.245,69.651,70.704,72.037,72.324,11861.11777,12162.66267,13338.98727,13563.73569,13108.09599,13340.26651,14823.34735,14222.17199,14235.91516,14705.62482,12595.00346,12472.52673,13212.97398,12653.52469,0.0020000000000000018,0.04299999999999993,0.16199999999999992
Lebanon,4.77150011062622,3.723,-1.04850011062622,0.889232516288757,1.428,0.538767483711243,1.19249331951141,1.05,-0.1424933195114099,0.788671135902405,0.416,-0.372671135902405,0.18551667034626,0.434,0.24848332965374,0.158524140715599,0.074,-0.084524140715599,0.0215181466192007,0.057,0.0354818533807993,1.53554224967957,0.265,-1.2705422496795702,0.2230440706163682,,,,,,,,,,,,,,,,0.71,0.713,0.726,0.734,0.743,0.75,0.758,0.762,0.762,0.761,0.763,0.767,0.772,0.774,0.771,0.75,0.733,0.755,0.752,77.529,77.768,77.941,78.037,78.148,78.275,78.306,78.192,78.263,78.208,76.299,73.65,78.003,77.817,17321.81047,17434.72459,17441.58253,16512.24104,15202.59742,14992.34619,15459.491,16197.16549,16019.20109,15271.78013,12157.80314,11088.22998,11718.96181,11298.88724,-0.019000000000000017,0.02100000000000002,
Burkina Faso,4.76870012283325,4.455,-0.3137001228332501,0.30246764421463,0.995,0.69253235578537,0.929385900497437,0.63,-0.2993859004974369,0.312833875417709,0.343,0.030166124582291,0.322398155927658,0.82,0.4976018440723419,0.186390608549118,0.135,-0.0513906085491179,0.12640805542469,0.253,0.12659194457531,2.58882641792297,1.28,-1.30882641792297,0.996115759968758,,,,,,,,,,,,,,,,0.333,0.34,0.344,0.357,0.366,0.377,0.389,0.398,0.405,0.409,0.419,0.427,0.438,0.449,0.453,0.453,0.454,0.457,0.459,56.343,57.001,57.457,57.903,58.331,58.778,59.173,59.578,59.972,60.184,60.454,60.046,60.7,61.092,1825.926259,1867.66398,1958.37158,2008.282537,1999.685308,2012.062169,2070.603234,2152.666106,2246.016256,2280.730481,2286.295787,2351.680408,2373.406513,2390.527778,0.006000000000000005,0.07600000000000001,
Gambia,4.75059986114502,4.306,-0.4445998611450203,0.256990551948547,1.05,0.7930094480514531,0.882678687572479,0.853,-0.029678687572479,0.353247880935669,0.393,0.039752119064331,0.403419524431229,0.807,0.403580475568771,0.42598968744278,0.223,-0.2029896874427799,0.158093795180321,0.042,-0.1160937951803209,2.27021646499634,0.938,-1.3322164649963402,0.8875798724889754,0.331,0.339,0.347,0.355,0.362,0.37,0.377,0.381,0.389,0.396,0.403,0.41,0.415,0.422,0.432,0.436,0.441,0.447,0.455,0.459,0.463,0.463,0.469,0.474,0.477,0.482,0.487,0.493,0.5,0.508,0.512,0.513,0.519,0.524,61.167,61.561,61.9,62.252,62.576,62.971,63.386,63.708,64.034,64.427,64.418,63.847,64.859,65.86,2755.787837,2444.684789,2499.563349,2491.97756,2380.919086,2403.977347,2394.756781,2443.981533,2555.513365,2649.003955,2602.793237,2642.753208,2732.65957,2812.017602,0.016000000000000014,0.044999999999999984,0.177
Mali,4.72930002212524,4.588,-0.1413000221252396,0.352462649345398,1.036,0.6835373506546021,0.973141729831696,0.779,-0.1941417298316959,0.234981521964073,0.381,0.146018478035927,0.377534449100494,0.904,0.526465550899506,0.169667050242424,0.078,-0.091667050242424,0.0621462762355804,0.105,0.0428537237644195,2.55933523178101,1.305,-1.25433523178101,1.1130663232803346,0.24,0.247,0.251,0.259,0.266,0.273,0.282,0.293,0.303,0.314,0.32,0.332,0.34,0.352,0.359,0.368,0.377,0.386,0.395,0.403,0.41,0.415,0.411,0.409,0.414,0.413,0.411,0.416,0.421,0.425,0.414,0.414,0.417,0.419,55.993,56.367,56.696,57.052,57.482,57.852,58.286,58.562,58.873,59.217,58.858,59.116,60.035,60.439,2195.385015,2199.460515,2113.190306,2113.539335,2206.999219,2280.511244,2326.091323,2360.42278,2404.188118,2414.448931,2300.163569,2288.84912,2309.346342,2341.588118,-0.006000000000000005,0.015000000000000013,0.185
Nigeria,4.72410011291504,4.788,0.0638998870849603,0.64590185880661,1.335,0.68909814119339,0.986717939376831,1.083,0.0962820606231689,0.167835935950279,0.462,0.294164064049721,0.435079455375671,0.735,0.299920544624329,0.221328124403954,0.151,-0.070328124403954,0.047589935362339,0.036,-0.011589935362339,2.21963548660278,0.986,-1.23363548660278,1.297546750724316,0.379,0.383,0.388,0.393,0.397,0.402,0.408,0.413,0.419,0.425,0.435,0.438,0.451,0.464,0.477,0.484,0.489,0.492,0.497,0.499,0.502,0.508,0.512,0.517,0.524,0.53,0.532,0.534,0.537,0.544,0.547,0.554,0.557,0.56,51.315,51.49,51.688,51.827,51.94,51.939,52.189,52.397,52.669,53.009,53.072,53.455,54.079,54.462,5479.053858,5594.101679,5709.850449,5849.69181,6143.713084,6228.151495,5767.201072,5627.809051,5573.700884,5620.702203,5480.202972,5514.173588,5537.746297,5569.374975,0.016000000000000014,0.04200000000000004,0.16500000000000004
Armenia,4.67679977416992,5.584,0.9072002258300796,0.808262407779694,1.608,0.799737592220306,1.03457689285278,1.225,0.19042310714722,0.775857269763947,1.05,0.274142730236053,0.378075808286667,0.914,0.535924191713333,0.107225738465786,0.026,-0.081225738465786,0.104618184268475,0.152,0.047381815731525,1.46816158294678,0.608,-0.86016158294678,1.766383698582651,0.663,0.652,0.618,0.621,0.625,0.631,0.635,0.644,0.655,0.661,0.667,0.672,0.682,0.692,0.7,0.711,0.725,0.739,0.743,0.741,0.747,0.752,0.761,0.766,0.772,0.777,0.783,0.785,0.789,0.796,0.761,0.786,0.801,0.811,72.938,73.185,73.44,73.713,73.98,74.229,74.494,74.744,74.978,75.193,68.89,72.552,74.633,75.683,11291.92506,11737.18942,12717.02121,13450.62721,13772.72259,14197.79787,14064.68037,15364.44205,15968.67207,17229.67247,15639.59163,16404.28645,18272.82996,20220.72319,0.015000000000000013,0.049000000000000044,0.133
Georgia,4.67259979248047,5.517,0.8444002075195307,0.847198069095612,1.669,0.821801930904388,0.731193900108337,1.201,0.4698060998916631,0.694657623767853,0.5,-0.194657623767853,0.48549410700798,0.988,0.50250589299202,0.0476097352802753,0.0,-0.0476097352802753,0.174088075757027,0.161,-0.013088075757027,1.69239830970764,0.998,-0.69439830970764,1.5387584889829156,,,,,,,,,,,0.705,0.712,0.719,0.733,0.737,0.744,0.75,0.76,0.757,0.76,0.77,0.78,0.789,0.796,0.802,0.807,0.809,0.816,0.824,0.83,0.822,0.819,0.838,0.844,71.732,72.485,72.672,73.025,73.105,73.241,73.136,73.435,73.985,74.165,73.509,71.635,74.141,74.496,11096.66214,11955.98483,13056.30686,13663.2747,14286.73821,14595.62557,14742.25491,15443.00293,16565.80675,17354.5786,16207.72598,17737.21598,19525.30946,20752.57009,0.014000000000000012,0.05999999999999994,
Jordan,4.63339996337891,4.478,-0.15539996337891,0.785179197788239,1.388,0.6028208022117609,1.14011859893799,1.055,-0.0851185989379901,0.777624726295471,0.606,-0.171624726295471,0.424855083227158,0.853,0.428144916772842,0.0914947688579559,0.053,-0.0384947688579559,0.151878625154495,0.174,0.022121374845505,1.26225805282593,0.348,-0.91425805282593,0.757848999738691,0.619,0.625,0.638,0.643,0.647,0.653,0.657,0.661,0.664,0.668,0.672,0.679,0.686,0.693,0.705,0.713,0.719,0.725,0.733,0.735,0.732,0.734,0.74,0.742,0.742,0.743,0.745,0.747,0.747,0.75,0.743,0.736,0.751,0.754,73.797,73.929,74.087,74.282,74.606,75.06,75.55,76.071,76.491,76.865,75.583,74.204,77.088,77.814,10786.67913,10798.5453,10869.34141,10614.83305,9960.038719,9404.689006,9182.50499,9225.350214,9200.475418,9221.831912,8930.955473,9069.403139,9132.887531,9221.872358,0.0040000000000000036,0.018000000000000016,0.131
Mozambique,4.62360000610352,5.336,0.7123999938964802,0.178741365671158,0.839,0.6602586343288419,0.955202877521515,1.018,0.062797122478485,0.324223637580872,0.126,-0.198223637580872,0.560775339603424,0.888,0.327224660396576,0.220422104001045,0.116,-0.104422104001045,0.163064315915108,0.165,0.001935684084892,2.22121620178223,2.182,-0.0392162017822301,0.7495703597068779,0.246,0.25,0.245,0.252,0.255,0.257,0.269,0.281,0.292,0.304,0.311,0.326,0.335,0.35,0.36,0.371,0.379,0.392,0.403,0.411,0.419,0.424,0.431,0.443,0.45,0.457,0.46,0.461,0.469,0.475,0.477,0.478,0.49,0.493,55.04,55.733,56.46,57.189,57.965,58.711,59.455,60.148,60.79,61.306,61.39,60.268,63.011,63.611,1182.786142,1248.433239,1324.918605,1370.842557,1420.629597,1468.571926,1489.091278,1466.024223,1488.110134,1482.565613,1419.162081,1410.180735,1336.43212,1355.767076,0.018000000000000016,0.055999999999999994,0.22899999999999998
Kenya,4.58300018310547,4.674,0.0909998168945307,0.476413398981094,1.242,0.765586601018906,0.905077755451202,0.879,-0.0260777554512019,0.536312758922577,0.518,-0.018312758922577,0.519180536270142,0.798,0.278819463729858,0.393902093172073,0.207,-0.1869020931720729,0.0672010779380798,0.093,0.0257989220619201,1.6849045753479,0.936,-0.7489045753478999,0.8389123792648323,0.485,0.485,0.484,0.483,0.484,0.488,0.491,0.493,0.496,0.499,0.5,0.505,0.504,0.515,0.526,0.532,0.541,0.548,0.553,0.553,0.552,0.56,0.565,0.57,0.576,0.583,0.594,0.599,0.605,0.611,0.6,0.608,0.626,0.628,60.915,61.283,61.537,61.729,61.99,62.279,62.526,62.725,62.825,62.939,61.596,61.225,63.549,63.646,3712.244273,3892.197178,3931.847811,3954.74131,4076.235098,4242.153969,4730.48659,4779.363119,4967.607336,5114.739117,4992.661089,5270.714551,5431.031162,5608.296066,0.017000000000000015,0.05899999999999994,0.126
Namibia,4.57110023498535,4.781,0.2098997650146499,0.840081989765167,1.41,0.5699180102348329,1.24573814868927,1.411,0.16526185131073,0.406871169805527,0.038,-0.368871169805527,0.444598972797394,0.67,0.225401027202606,0.0764544829726219,0.048,-0.0284544829726219,0.0543203428387642,0.058,0.0036796571612358,1.50303316116333,1.145,-0.35803316116333,0.5669348931312559,0.597,0.602,0.603,0.601,0.6,0.595,0.587,0.58,0.574,0.565,0.561,0.555,0.555,0.558,0.563,0.564,0.569,0.576,0.581,0.585,0.591,0.598,0.607,0.616,0.624,0.63,0.634,0.638,0.642,0.647,0.647,0.631,0.649,0.665,56.093,56.647,57.733,58.468,59.311,60.008,60.81,61.661,62.579,63.546,64.071,60.85,64.19,67.385,10159.76121,10627.31409,10999.1488,11848.62524,12315.57228,12668.90764,12215.98399,11892.70968,11574.14456,11436.22938,10563.17713,10377.85224,10742.56352,10916.60872,0.018000000000000016,0.05600000000000005,0.050000000000000044
Ukraine,4.56069993972778,4.658,0.0973000602722207,0.780434608459473,1.547,0.7665653915405269,1.3213164806366,1.303,-0.0183164806366,0.698674380779266,0.498,-0.200674380779266,0.319423705339432,0.722,0.402576294660568,0.178551316261292,0.222,0.043448683738708,0.0096511598676443,0.008,-0.0016511598676443,1.25266933441162,0.358,-0.89466933441162,0.9919483486562926,0.75,0.743,0.733,0.721,0.706,0.702,0.701,0.706,0.71,0.714,0.716,0.728,0.736,0.745,0.751,0.757,0.762,0.77,0.776,0.773,0.782,0.786,0.789,0.789,0.788,0.778,0.78,0.785,0.784,0.789,0.783,0.772,0.772,0.779,70.188,70.711,71.09,71.474,71.803,72.686,73.389,73.993,73.569,73.92,73.283,71.631,72.658,73.422,16552.59375,17289.00781,18017.66016,17997.12109,17172.70313,16378.79688,16347.82227,16885.67383,17479.1543,18193.11133,17821.05664,17516.58203,16043.86621,16933.14453,-0.010000000000000009,0.007000000000000006,0.039000000000000035
Liberia,4.55789995193481,4.28,-0.2778999519348097,0.174103006720543,0.867,0.692896993279457,0.92073392868042,0.815,-0.10573392868042,0.392284274101257,0.386,-0.0062842741012569,0.405943095684052,0.796,0.390056904315948,0.226967871189117,0.125,-0.1019678711891169,0.0511398762464523,0.066,0.0148601237535477,2.38675785064697,1.225,-1.16175785064697,0.8838279473781587,,,,,,,,,,0.403,0.443,0.448,0.453,0.429,0.442,0.446,0.45,0.455,0.459,0.463,0.467,0.471,0.475,0.481,0.479,0.48,0.485,0.491,0.495,0.497,0.498,0.503,0.508,0.51,59.358,59.486,59.785,59.992,59.21,59.248,60.483,60.777,60.999,61.232,61.267,61.166,61.934,62.163,1457.315742,1516.036131,1580.308223,1680.516211,1657.821709,1624.117699,1567.006323,1575.176166,1563.180336,1495.284288,1421.518889,1461.993542,1500.713999,1537.85939,0.013000000000000012,0.02999999999999997,
Uganda,4.43200016021729,4.491,0.05899983978271,0.312337428331375,1.032,0.719662571668625,1.05232739448547,1.181,0.1286726055145299,0.378311663866043,0.449,0.070688336133957,0.401682555675507,0.924,0.5223174443244931,0.264807373285294,0.14,-0.124807373285294,0.0638188421726227,0.043,-0.0208188421726226,1.95867109298706,0.722,-1.23667109298706,1.2957147421836883,0.342,0.345,0.339,0.347,0.35,0.356,0.367,0.376,0.386,0.398,0.407,0.418,0.432,0.446,0.461,0.47,0.481,0.492,0.502,0.509,0.514,0.522,0.526,0.532,0.539,0.547,0.553,0.557,0.563,0.569,0.571,0.573,0.578,0.582,59.959,60.791,61.579,62.353,63.057,63.831,64.494,65.174,65.775,66.354,66.41,66.45,67.675,68.252,2213.835294,2355.249069,2362.193572,2375.415453,2419.514803,2477.762376,2514.391646,2489.071819,2544.29198,2623.14271,2627.007181,2629.453979,2669.577833,2736.410021,0.013000000000000012,0.05499999999999994,0.22699999999999992
Chad,4.42269992828369,4.385,-0.0376999282836898,0.302287489175797,0.979,0.6767125108242029,0.739118278026581,0.676,-0.0631182780265809,0.108744099736214,0.292,0.1832559002637859,0.228601768612862,0.571,0.342398231387138,0.210805088281631,0.151,-0.059805088281631,0.0857554078102112,0.116,0.0302445921897888,2.74742650985718,1.6,-1.14742650985718,1.1096878683567035,,,,,,,,,,,0.303,0.313,0.32,0.32,0.338,0.339,0.339,0.35,0.354,0.369,0.375,0.384,0.391,0.396,0.401,0.396,0.396,0.397,0.402,0.406,0.408,0.408,0.414,0.416,50.107,50.426,50.765,51.051,51.141,51.32,51.603,51.875,52.447,52.993,53.082,53.136,54.528,55.069,2075.342435,2021.690887,2128.478882,2120.518238,2194.523021,2226.968761,2044.889101,1928.856205,1905.664562,1902.529287,1818.425356,1738.274332,1728.910163,1748.000992,0.009999999999999953,0.031000000000000028,
Tunisia,4.39219999313354,4.798,0.4058000068664604,0.874742686748505,1.475,0.6002573132514951,0.872167706489563,1.043,0.1708322935104369,0.781156718730927,0.442,-0.3391567187309269,0.235860556364059,0.652,0.416139443635941,0.055881142616272,0.038,-0.017881142616272,0.0438995733857155,0.071,0.0271004266142844,1.52849674224854,1.078,-0.4504967422485399,0.8572916156649585,0.569,0.575,0.582,0.587,0.598,0.606,0.616,0.623,0.636,0.646,0.654,0.661,0.667,0.673,0.683,0.69,0.697,0.703,0.709,0.713,0.717,0.718,0.72,0.722,0.725,0.728,0.733,0.737,0.742,0.74,0.733,0.728,0.745,0.746,74.438,74.471,74.599,74.674,74.784,74.875,75.007,75.177,75.37,75.599,75.004,72.893,76.05,76.508,11622.5371,11250.27586,11640.93589,11776.95851,12109.77425,12190.57736,12243.32256,12363.99088,12553.60671,12607.96695,11330.61729,11839.54513,12121.95898,12011.38785,0.006000000000000005,0.02300000000000002,0.17100000000000004
Mauritania,4.37459993362427,4.473,0.0984000663757296,0.539684891700745,1.272,0.7323151082992551,1.11332356929779,0.787,-0.32632356929779,0.425184816122055,0.593,0.1678151838779449,0.185714483261108,0.593,0.4072855167388919,0.128899663686752,0.109,-0.0198996636867519,0.122257634997368,0.188,0.065742365002632,1.85955739021301,0.931,-0.92855739021301,1.026934940934182,0.396,0.401,0.409,0.421,0.432,0.439,0.448,0.45,0.46,0.467,0.468,0.47,0.475,0.482,0.494,0.5,0.512,0.512,0.512,0.522,0.525,0.53,0.538,0.544,0.547,0.551,0.548,0.551,0.561,0.566,0.554,0.553,0.562,0.563,65.661,65.754,65.808,65.89,66.207,66.498,66.823,67.088,67.419,67.64,66.794,66.762,68.281,68.484,5504.644998,5482.518873,5521.939262,5597.17775,5643.229969,5854.390616,5826.159796,6057.295491,6237.843638,6213.407941,6021.526339,5893.292532,6186.125184,6267.470808,-0.0030000000000000027,0.040999999999999925,0.16999999999999993
Sri Lanka,4.3270001411438,4.013,-0.3140001411437998,0.897986948490143,1.496,0.598013051509857,1.19494009017944,1.13,-0.0649400901794401,0.792036712169647,0.567,-0.225036712169647,0.528632462024689,0.872,0.3433675379753109,0.252666145563126,0.111,-0.141666145563126,0.0494445636868477,0.059,0.0095554363131522,0.611288547515869,-0.222,-0.833288547515869,0.5192930778861069,0.638,0.642,0.65,0.658,0.664,0.667,0.672,0.679,0.685,0.692,0.702,0.704,0.709,0.713,0.695,0.721,0.724,0.729,0.73,0.723,0.748,0.753,0.759,0.764,0.767,0.769,0.772,0.777,0.782,0.781,0.78,0.777,0.777,0.776,74.463,74.74,75.187,75.546,75.757,75.99,76.136,76.239,76.485,76.698,76.928,76.278,77.3,77.483,9851.77153,10667.91644,11567.30022,11848.21093,12527.14802,12785.98477,13357.40609,14172.86973,14380.40569,14227.17535,13504.51058,13994.62279,12910.50608,12615.60045,-0.0050000000000000044,0.03300000000000003,0.14300000000000002
Myanmar,4.30800008773804,4.287,-0.0210000877380398,0.678090929985046,1.211,0.532909070014954,1.09817826747894,0.977,-0.12117826747894,0.495443075895309,0.488,-0.007443075895309,0.597478866577148,0.722,0.1245211334228519,0.56981372833252,0.292,-0.27781372833252,0.187530353665352,0.16,-0.027530353665352,0.681462526321411,0.436,-0.245462526321411,0.223464778065685,0.347,0.354,0.368,0.374,0.381,0.385,0.391,0.396,0.399,0.406,0.415,0.423,0.433,0.443,0.453,0.463,0.473,0.483,0.468,0.504,0.515,0.525,0.535,0.546,0.557,0.566,0.574,0.587,0.6,0.61,0.609,0.605,0.606,0.609,63.479,63.859,64.251,64.617,64.994,65.288,65.64,65.909,66.232,66.457,66.612,65.553,66.506,66.889,3258.103263,3415.464597,3630.501075,3895.463599,4161.702806,4416.568884,4563.909557,4769.6184,4938.563063,5146.98387,5042.360997,5056.175583,4825.400216,4918.810577,-0.0010000000000000009,0.09499999999999997,0.263
Comoros,4.28859996795654,3.925,-0.3635999679565405,0.415620774030685,1.089,0.673379225969315,0.723232805728912,0.352,-0.371232805728912,0.437383323907852,0.468,0.030616676092148,0.181028231978416,0.373,0.191971768021584,0.258538275957108,0.118,-0.140538275957108,0.100048534572124,0.172,0.0719514654278759,2.17276906967163,1.352,-0.8207690696716299,0.456148053824903,,,,,,,,,,,0.461,0.47,0.477,0.485,0.492,0.499,0.506,0.512,0.519,0.526,0.534,0.541,0.548,0.556,0.56,0.565,0.571,0.577,0.584,0.589,0.592,0.594,0.602,0.603,62.747,63.105,63.463,63.839,64.143,64.473,64.792,65.127,65.401,65.662,65.756,65.201,66.481,66.777,3207.85851,3271.277594,3300.583013,3381.003951,3391.274893,3362.088285,3400.171736,3455.784538,3516.484262,3509.904377,3436.643836,3443.436863,3461.345817,3481.12144,0.014000000000000012,0.05499999999999994,
Togo,4.18720006942749,4.277,0.0897999305725099,0.268116265535355,1.039,0.7708837344646449,0.547622859477997,0.572,0.0243771405220029,0.342731177806854,0.442,0.0992688221931459,0.303539037704468,0.682,0.378460962295532,0.200774252414703,0.085,-0.115774252414703,0.114826455712318,0.144,0.0291735442876819,2.40959525108337,1.314,-1.09559525108337,1.186389951348305,0.412,0.415,0.406,0.404,0.413,0.425,0.433,0.441,0.442,0.446,0.448,0.452,0.455,0.46,0.461,0.46,0.465,0.458,0.465,0.473,0.483,0.495,0.5,0.507,0.514,0.523,0.528,0.534,0.542,0.549,0.554,0.56,0.567,0.571,57.227,57.612,57.94,58.345,58.766,59.22,59.669,60.135,60.601,61.055,61.123,61.328,62.29,62.739,2027.707769,2189.11771,2177.144149,2252.590618,2326.997309,2431.104266,2433.194543,2453.335198,2513.970798,2575.953638,2571.6767,2652.743598,2747.706475,2855.963828,0.02199999999999991,0.06600000000000006,0.13700000000000007
Ethiopia,4.18620014190674,3.985,-0.2012001419067401,0.315125644207001,1.033,0.717874355792999,1.00110328197479,0.854,-0.14710328197479,0.483846247196198,0.453,-0.0308462471961979,0.412566870450974,0.653,0.240433129549026,0.227698102593422,0.144,-0.083698102593422,0.117437034845352,0.097,-0.020437034845352,1.62845921516418,0.753,-0.8754592151641799,0.676222818732263,,,,,,,,,,,0.293,0.307,0.314,0.317,0.331,0.35,0.366,0.383,0.398,0.405,0.415,0.425,0.433,0.441,0.449,0.456,0.463,0.47,0.476,0.482,0.486,0.487,0.494,0.497,59.709,60.595,61.443,62.161,62.927,63.592,64.162,64.766,65.257,65.741,65.969,65.33,66.897,67.315,1398.780518,1511.037729,1595.867936,1716.829077,1841.463756,1976.217042,2106.157757,2239.741904,2332.861671,2457.596284,2539.167102,2614.792524,2686.678875,2795.506984,0.015000000000000013,0.067,
Madagascar,4.16559982299805,4.174,0.0084001770019499,0.244553208351135,0.867,0.622446791648865,0.823694348335266,0.71,-0.113694348335266,0.500617027282715,0.393,-0.1076170272827149,0.192967548966408,0.38,0.187032451033592,0.1911900639534,0.118,-0.0731900639534,0.0762486383318901,0.116,0.0397513616681099,2.13629841804504,1.59,-0.5462984180450399,0.5547291647791859,,,,,,,,,,0.436,0.443,0.451,0.448,0.458,0.465,0.47,0.474,0.482,0.49,0.493,0.493,0.494,0.496,0.497,0.5,0.501,0.501,0.505,0.501,0.495,0.483,0.481,0.483,0.487,62.597,62.86,63.007,63.161,63.261,63.362,63.431,63.433,63.491,63.504,62.706,62.516,63.068,63.632,1644.374346,1622.936868,1602.55331,1592.415939,1614.872159,1603.723461,1619.491042,1657.998208,1662.867607,1692.070223,1547.337284,1612.993729,1625.426772,1655.764683,-0.008000000000000007,0.0020000000000000018,
Egypt,4.15140008926392,3.862,-0.2894000892639194,0.875228941440582,1.558,0.682771058559418,0.982539534568787,0.862,-0.1205395345687869,0.596911311149597,0.521,-0.0759113111495969,0.373684734106064,0.727,0.3533152658939359,0.0688012540340424,0.022,-0.0468012540340424,0.095461793243885,0.097,0.001538206756115,1.15881824493408,0.074,-1.08481824493408,0.7943724314570426,0.572,0.578,0.586,0.593,0.601,0.609,0.617,0.623,0.629,0.634,0.639,0.642,0.643,0.643,0.645,0.648,0.651,0.658,0.665,0.671,0.677,0.68,0.689,0.695,0.699,0.706,0.713,0.72,0.728,0.736,0.736,0.738,0.751,0.754,69.078,69.232,69.464,69.632,69.911,70.135,70.437,70.709,70.974,71.213,69.79,68.976,71.01,71.633,13155.33153,13008.11659,13032.92424,12976.90543,13074.59557,13440.02038,13789.56399,14015.75053,14403.96691,14770.05414,15111.98115,15358.75306,16050.96213,16218.13521,0.018000000000000016,0.05899999999999994,0.16400000000000003
Sierra Leone,3.92639994621277,3.251,-0.67539994621277,0.240560382604599,1.054,0.813439617395401,0.747984945774078,0.692,-0.055984945774078,0.203953966498375,0.405,0.201046033501625,0.382027685642242,0.8,0.417972314357758,0.257647007703781,0.131,-0.126647007703781,0.0479409359395504,0.052,0.0040590640604495,2.04627180099487,0.117,-1.92927180099487,1.2538850758373743,0.313,0.303,0.305,0.312,0.312,0.314,0.311,0.307,0.304,0.301,0.318,0.33,0.345,0.354,0.363,0.37,0.372,0.391,0.4,0.406,0.41,0.416,0.418,0.436,0.438,0.432,0.441,0.445,0.451,0.455,0.454,0.458,0.463,0.467,51.927,52.594,53.159,54.051,54.281,55.454,56.937,57.761,59.059,59.593,59.694,60.26,61.275,61.786,1430.420805,1515.543448,1472.681954,1922.897166,1931.571989,1521.640535,1575.096085,1581.521292,1609.700767,1648.811048,1566.87715,1605.325349,1657.141116,1713.727772,0.01200000000000001,0.04500000000000004,0.14200000000000002
Zambia,3.75939989089966,4.106,0.3466001091003399,0.536833763122559,1.109,0.572166236877441,0.89603728055954,0.861,-0.03503728055954,0.363593339920044,0.25,-0.113593339920044,0.491317540407181,0.991,0.499682459592819,0.250620901584625,0.139,-0.111620901584625,0.0867052376270294,0.101,0.0142947623729706,1.13433933258057,0.654,-0.4803393325805699,0.8258919367790214,0.422,0.416,0.414,0.417,0.413,0.413,0.415,0.418,0.418,0.423,0.429,0.437,0.445,0.458,0.468,0.48,0.492,0.504,0.514,0.526,0.533,0.538,0.551,0.557,0.559,0.565,0.565,0.57,0.575,0.578,0.578,0.574,0.589,0.595,56.896,57.843,58.704,59.445,60.109,60.728,61.129,61.564,62.138,62.914,63.361,62.363,65.279,66.349,3068.884675,3059.51003,3544.167885,3601.22973,3467.217092,3608.291752,3438.58463,3524.589923,3615.705908,3531.823111,3312.227362,3219.787938,3345.773032,3446.675821,0.017000000000000015,0.04499999999999993,0.15599999999999997
Lesotho,3.6528000831604,4.375,0.7221999168396,0.454938739538193,1.007,0.5520612604618069,1.08894002437592,1.135,0.04605997562408,0.100934810936451,0.0,-0.100934810936451,0.40936753153801,0.741,0.33163246846199,0.102627642452717,0.057,-0.0456276424527169,0.0504838228225708,0.069,0.0185161771774292,1.44551396369934,1.365,-0.0805139636993399,0.8017074283361383,0.483,0.482,0.481,0.477,0.478,0.476,0.473,0.469,0.469,0.462,0.462,0.457,0.455,0.456,0.454,0.454,0.451,0.458,0.463,0.468,0.478,0.485,0.496,0.502,0.509,0.517,0.526,0.531,0.538,0.541,0.537,0.532,0.547,0.55,46.045,46.93,48.235,49.547,50.786,51.83,52.908,53.874,54.638,55.249,55.133,54.209,56.812,57.375,3281.064285,3197.476166,3261.326893,3246.357503,3187.027673,3277.250667,3394.377531,3233.487318,3326.079296,3221.812522,2996.891901,2868.19633,2968.982948,3029.3857,0.009000000000000008,0.06300000000000006,0.05800000000000005
India,3.57329988479614,4.536,0.9627001152038596,0.730576157569885,1.397,0.666423842430115,0.644198656082153,0.732,0.087801343917847,0.540570139884949,0.298,-0.2425701398849489,0.581142246723175,1.015,0.4338577532768248,0.237072482705116,0.121,-0.116072482705116,0.105587981641293,0.124,0.0184120183587069,0.734130859375,0.848,0.1138691406249999,0.8478523353934287,0.446,0.448,0.453,0.458,0.463,0.469,0.476,0.482,0.488,0.496,0.501,0.511,0.516,0.529,0.538,0.547,0.557,0.566,0.574,0.579,0.59,0.603,0.609,0.615,0.625,0.633,0.644,0.649,0.648,0.651,0.652,0.647,0.676,0.685,67.162,67.623,68.076,68.499,68.932,69.326,69.709,70.068,70.415,70.746,70.156,67.282,71.698,72.003,5022.132083,5224.30683,5420.181423,5687.828662,6037.901703,6443.561001,6894.228147,7282.890554,7670.645786,7895.441397,7331.951385,7992.775136,8475.67988,9046.756336,0.03400000000000003,0.061000000000000054,0.20500000000000002
Malawi,3.53800010681152,3.284,-0.2540001068115201,0.176534727215767,0.864,0.687465272784233,0.530368089675903,0.326,-0.2043680896759029,0.446163296699524,0.299,-0.147163296699524,0.487389832735062,0.812,0.3246101672649381,0.213185057044029,0.109,-0.104185057044029,0.131633952260017,0.143,0.0113660477399829,1.55271828174591,0.73,-0.82271828174591,0.5677250443696981,0.306,0.31,0.318,0.324,0.325,0.37,0.375,0.379,0.384,0.392,0.394,0.4,0.407,0.414,0.421,0.427,0.436,0.444,0.455,0.465,0.475,0.483,0.488,0.494,0.5,0.504,0.506,0.508,0.51,0.513,0.512,0.509,0.513,0.517,57.787,58.859,59.87,60.816,61.651,62.324,63.163,63.914,64.464,64.995,65.216,64.782,66.037,67.353,1524.218849,1554.242049,1539.540657,1577.919347,1620.84308,1620.882029,1616.858284,1636.812879,1663.4192,1707.612407,1675.994259,1677.718302,1650.42933,1633.692615,0.0040000000000000036,0.038000000000000034,0.20700000000000002
Yemen,3.52740001678467,3.532,0.0045999832153298,0.392701774835587,0.692,0.2992982251644129,1.17747712135315,1.292,0.1145228786468499,0.415000170469284,0.431,0.0159998295307159,0.243721485137939,0.549,0.305278514862061,0.0946890115737915,0.084,-0.0106890115737914,0.0873521268367767,0.109,0.0216478731632232,1.11647272109985,0.374,-0.74247272109985,0.7460583097934717,0.359,0.364,0.37,0.377,0.382,0.393,0.405,0.413,0.423,0.429,0.439,0.449,0.458,0.467,0.475,0.481,0.486,0.489,0.492,0.497,0.502,0.501,0.503,0.507,0.502,0.475,0.467,0.459,0.454,0.458,0.459,0.458,0.466,0.47,67.223,67.412,67.569,67.961,68.003,66.761,67.105,67.12,65.915,66.567,66.435,66.019,67.952,69.295,3707.591613,2995.362486,2979.199419,3025.684972,2603.491709,1667.18619,1387.98091,1202.717951,1160.527497,1149.183574,1129.91045,1084.227132,1069.82396,1018.20058,0.011999999999999955,-0.043999999999999984,0.09900000000000003
Botswana,3.47889995574951,3.464,-0.0148999557495099,0.997548997402191,1.582,0.584451002597809,1.08569478988647,0.989,-0.0966947898864699,0.494101732969284,0.017,-0.477101732969284,0.509089410305023,0.86,0.350910589694977,0.033407486975193,0.022,-0.011407486975193,0.101786367595196,0.093,-0.008786367595196,0.257240533828735,-0.099,-0.356240533828735,0.341371214866643,0.59,0.59,0.589,0.588,0.58,0.583,0.584,0.587,0.588,0.592,0.594,0.595,0.594,0.602,0.608,0.616,0.627,0.64,0.645,0.644,0.652,0.661,0.667,0.676,0.685,0.69,0.696,0.704,0.71,0.718,0.718,0.7,0.729,0.731,59.137,59.715,60.384,61.217,62.167,63.215,64.32,65.42,66.371,67.167,67.643,63.303,68.749,69.163,13660.62463,14714.84948,14732.39973,15163.8931,15917.34067,14807.52767,14679.7927,15063.29267,15305.08744,16091.62405,15141.15782,16503.71644,16805.70583,16983.77103,0.013000000000000012,0.06599999999999995,0.128
Zimbabwe,3.2992000579834,3.346,0.0467999420165998,0.425564020872116,1.213,0.7874359791278841,1.04783523082733,0.782,-0.2658352308273299,0.375037610530853,0.189,-0.186037610530853,0.377404719591141,0.729,0.3515952804088589,0.151349186897278,0.056,-0.095349186897278,0.0809285789728165,0.128,0.0470714210271835,0.841031074523926,0.251,-0.590031074523926,0.6388806523084657,0.5,0.502,0.487,0.483,0.482,0.477,0.472,0.472,0.467,0.462,0.458,0.456,0.459,0.45,0.453,0.455,0.457,0.459,0.456,0.488,0.512,0.529,0.545,0.554,0.56,0.567,0.57,0.575,0.586,0.584,0.582,0.581,0.594,0.598,51.925,53.911,55.386,56.842,58.106,58.989,59.76,60.263,60.906,61.06,61.53,60.135,62.36,62.775,2584.716677,2843.665451,3238.161095,3309.625854,3233.611071,3177.721042,3124.088959,3220.71557,3639.342768,3352.185618,3021.423576,3216.553233,3351.026955,3511.463215,0.014000000000000012,0.07199999999999995,0.08399999999999996
Afghanistan,2.56690001487732,1.446,-1.1209000148773198,0.300705850124359,0.921,0.620294149875641,0.356433838605881,0.0,-0.356433838605881,0.266051530838013,0.176,-0.0900515308380129,0.0,0.0,0.0,0.135234713554382,0.079,-0.0562347135543819,0.0012257853522896,0.131,0.1297742146477103,1.50723564624786,0.139,-1.36823564624786,0.2473482815250753,0.285,0.291,0.301,0.311,0.305,0.329,0.334,0.338,0.338,0.347,0.351,0.355,0.383,0.392,0.408,0.417,0.426,0.442,0.446,0.458,0.465,0.474,0.484,0.492,0.497,0.496,0.495,0.496,0.498,0.507,0.501,0.486,0.495,0.496,60.702,61.25,61.735,62.188,62.26,62.27,62.646,62.406,62.443,62.941,61.454,60.417,65.617,66.035,2822.121231,2947.533545,3148.38478,3245.787894,3214.32395,3087.800291,2818.611013,2783.873555,2758.820419,2969.98769,2797.703558,2151.783518,1960.945925,1971.549458,-0.01100000000000001,0.04199999999999998,0.22200000000000003
